,userid,Subscription Premium Cancel,Add Payment Method Success,Subscription Premium,Account History Transaction Details,Add Vehicle Success,Subscription Premium Renew,Sign Up Success,Order,Chat Conversation Opened,Add Vehicle Break,Chat Conversation Started,Email Confirmation Success,Add Payment Method Failed,Account Setup Skip,Calculator View,Wallet Opened,Sign Out,Account Setup Profile Skip,Transaction Refund,Calculator Used,Add Vehicle Failed,Sign Up Error,Reset Password Set
0,0006869712ec9841dc36234bce245203,0,1,1,1,1,1,0,0,0,0,0,0,0,0,0,0,0,0,0,0,0,0,0
6,00596aa4edee32815aaf4aad659c484e,0,1,1,0,1,0,1,1,0,0,0,0,0,0,0,0,0,0,0,0,0,0,0
14,007b54670d72df309afd87befcbb63db,0,1,1,0,1,0,1,0,1,1,1,0,0,0,0,0,0,0,0,0,0,0,0
24,0136a8eeca5d16ac1a521dd0e27ecec0,0,1,1,0,1,1,0,0,0,0,0,1,1,0,0,0,0,0,0,0,0,0,0
31,01529f53aaba5b512168d432d5650556,0,1,1,1,1,0,1,0,0,1,0,0,0,0,0,0,0,0,0,0,0,0,0
38,017f4557810b3ba165d2959c17b916b6,0,1,1,0,1,1,1,0,1,0,1,1,0,1,0,0,0,0,0,0,0,0,0
57,02697c4704fe66dad2b28c0e14499911,0,1,1,0,1,1,1,0,0,0,1,0,0,0,0,0,0,0,0,0,0,0,0
63,03e0c91e1163e8b80e74e586a3e666d6,1,1,1,1,1,0,1,0,1,0,1,1,0,0,1,0,0,0,0,0,0,0,0
75,047136447917f8b30537738e488e0461,0,1,1,1,1,1,1,1,0,0,0,1,0,0,0,1,0,0,0,0,0,0,0
88,04918002474136f1c70f61859c47dbb3,0,1,1,0,1,0,1,1,0,0,0,1,0,0,0,0,0,0,0,0,0,0,0
99,04eb48638351418661f818b4003ac039,0,1,1,1,1,0,1,0,0,1,0,0,0,0,0,1,0,0,0,0,0,0,0
112,051a5f8bce75a601be987980a09d4187,1,1,1,0,1,0,1,0,0,0,0,0,0,0,1,1,0,0,0,0,0,0,0
119,05630c0e889fe7371fc74d7ae01f491f,1,1,1,1,1,0,1,1,0,0,0,0,0,0,0,1,0,0,0,0,0,0,0
132,060153cf7a5844d9aed735d408b35f97,1,0,0,1,0,1,0,0,1,0,1,0,0,0,0,1,0,0,0,0,0,0,0
138,06a9a92ef0a123b93e3410d8a57d5b6c,0,1,1,0,1,0,1,0,0,0,0,0,0,0,0,1,0,0,0,0,0,0,0
143,06e3b977d1d42365af2b77e958cf72b5,0,1,1,1,1,0,1,0,0,0,0,0,0,0,0,0,0,0,0,0,0,0,0
148,078ae59f1ae79df514e846e5e51eca8b,1,1,1,0,1,0,1,0,1,0,1,0,0,0,0,1,0,0,0,0,0,0,0
166,07a0d0ab07446da83579be3462bf081e,0,1,1,1,1,1,1,1,0,0,0,0,0,0,0,1,1,0,0,0,0,0,0
306,07e51f5e3fdde72e8e84978ac7179c16,0,1,1,0,1,0,1,0,1,0,1,0,0,0,1,1,0,1,0,0,0,0,0
321,07ed5d52c02f7f9a2284b1483dc07bd6,0,1,1,0,1,0,0,1,1,0,1,0,0,0,1,1,0,0,0,0,0,0,0
333,0863b355ac677a9b85ce5984bf876dc5,0,1,1,1,1,0,1,1,0,0,0,0,0,0,0,1,0,1,0,0,0,0,0
345,0871c09afb84920b8bfd27b3c328c86a,1,1,1,1,1,0,1,0,1,0,1,1,0,0,0,1,0,0,1,0,0,0,0
372,08a7303ab016a7c191c9de4f5620ca32,0,0,0,0,0,1,0,0,0,0,0,0,0,0,0,0,0,0,0,0,0,0,0
373,08d5f68b8484239c70c9a8683fceef8d,0,0,0,0,0,1,0,1,0,0,0,0,0,0,0,0,0,0,0,0,0,0,0
378,09aa83bbba4d22264215696aa1b169ac,0,1,1,1,1,0,1,0,0,0,0,0,0,0,0,0,0,1,0,0,0,0,0
385,0a4bf9a1acba481b13330ebae980efc7,1,1,1,0,1,0,1,1,1,0,1,0,0,0,0,1,0,0,0,0,0,0,0
395,0ac4c049747e23d5627e64345bc1ece7,0,1,1,0,1,0,1,1,0,0,0,0,0,0,0,0,0,0,0,0,0,0,0
450,0af7f97bf9253358db674384908d7bf4,0,1,1,0,1,1,1,0,0,0,0,0,0,0,0,0,1,0,0,0,0,0,0
462,0b312cbd78e36c4c19c5ba1ecd80ff13,0,1,1,0,1,0,1,1,0,0,0,1,0,0,1,1,0,0,0,0,0,0,0
599,0b55c6c8ce2743c5581ad07681cc812b,0,1,1,0,1,1,1,1,0,0,0,1,0,0,0,0,1,0,0,0,0,0,0
620,0b9ab37757f4ca5274110490af02c496,0,1,1,1,1,0,1,0,0,1,0,0,0,0,0,1,1,0,0,0,0,0,0
643,0bd397383b7b3070af45cb75d9e44c30,1,1,1,0,1,0,1,1,1,0,1,0,0,0,0,0,0,1,1,0,0,0,0
656,0be441fb8acf6a9dd45d4d2444e62deb,0,1,1,1,1,1,1,1,0,1,0,1,0,0,1,1,0,0,0,0,0,0,0
678,0c7170de11fabf2a805736938841cc8c,1,1,1,1,1,0,1,0,1,0,1,1,0,0,1,1,0,0,0,0,0,0,0
694,0d0735f580cbe12a394d2e700104b7df,1,1,1,1,1,0,1,0,1,1,1,0,0,1,0,0,1,1,0,0,0,0,0
714,0d34c7bc13e61f2d73375a42dd5fd3fe,0,1,1,1,1,0,1,0,0,0,0,0,0,0,0,1,1,0,0,0,0,0,0
726,0d42e37276db6718fe60c57282fffa95,1,1,1,1,1,0,1,1,1,1,1,0,0,1,0,1,0,0,0,0,0,0,0
746,0e440655eed83610e0076ad7faa3a3f0,0,1,1,1,1,1,1,1,0,0,0,0,1,0,0,0,0,0,0,0,0,0,0
770,0e5eda1a13792e7fc5ee23edb8348c46,0,1,1,1,1,0,1,1,1,0,0,0,0,0,0,1,0,0,0,0,0,0,0
839,0e98d69eca88d59c29dadae04730f7d5,1,1,1,1,1,0,1,1,1,0,1,1,0,0,1,1,0,0,0,0,0,0,0
860,0f6ec4ebb8659088613c41f9d90e11fd,0,1,1,0,1,0,1,0,0,0,0,0,0,0,1,1,0,0,0,1,0,0,0
879,0fc0cec5a0e21c62feb9a7c5217c36d8,1,1,1,1,1,0,1,1,1,0,1,0,1,0,1,1,0,0,1,0,0,0,0
914,0fe08d5c5027a9c435b0a98839b826ce,0,1,1,1,1,0,1,1,0,0,0,1,0,0,0,0,0,0,0,0,0,0,0
924,1071d47f43bb66419b9a7365becef941,0,1,1,0,1,0,1,1,0,0,0,0,0,0,0,0,0,0,0,0,0,0,0
929,107eea821b823c2218cc2f44fa7746d9,1,1,1,1,1,1,1,0,1,0,1,0,0,0,0,1,0,0,0,0,0,0,0
944,108f272091d484c9ef8d55cafc32abf9,0,1,1,1,1,1,1,0,1,1,1,1,0,0,1,1,0,0,0,0,1,0,0
964,10cbe7e14793a3aec1c050db6aa492aa,0,0,0,0,0,1,0,1,0,0,0,0,0,0,0,1,0,0,0,0,0,0,0
1019,110cf2b07dea0f6ea3253cb621bd98db,1,1,1,1,1,0,1,0,1,0,1,0,0,0,0,1,0,0,0,0,0,0,0
1041,1153f4b1fafdb1470a5bec25d4aa004a,0,1,1,0,1,0,1,1,0,0,0,0,1,0,0,0,0,0,0,0,0,0,0
1048,117e6684e0f88d6da5afb944c5a657a3,1,1,1,1,1,0,1,0,1,0,1,0,0,0,1,1,0,0,0,0,0,0,0
1062,118947eb7fc12d6d81c429c6762cb403,0,1,1,0,1,0,0,0,1,0,1,0,1,0,0,0,0,0,0,0,0,0,0
1068,11b9f94b9c956fa7197e02323663a454,1,1,1,1,1,0,1,0,1,1,1,1,0,0,0,1,0,0,1,0,0,0,0
1083,12746b8d8cd1a53826ca718d8e3f0e2d,0,1,1,1,1,0,1,0,1,0,1,0,0,0,1,1,0,0,0,0,0,0,0
1096,12b0be2eac6e706da1a81c476447c4d7,1,1,1,1,1,0,1,0,1,0,1,1,0,0,1,1,0,0,0,0,0,0,0
1135,12bd479c3e2e06b4338a450a23d4ec25,0,0,0,1,0,1,0,1,0,0,0,0,0,0,1,1,0,0,0,1,0,0,0
1149,12d1151fd9a265b2bf006ac1dea65573,0,1,1,1,1,0,1,0,0,0,0,0,0,0,0,0,0,0,0,0,0,0,0
1154,12f4306c553c65f10b0234667cf9f174,0,0,1,0,0,1,0,1,0,0,0,0,0,0,0,0,0,0,0,0,0,0,0
1158,133244e670189dcb7016803b07df4089,0,1,1,1,1,0,1,0,1,0,0,0,0,0,1,1,0,0,0,0,0,0,0
1201,13d8a03074dd4502c5acb82fc65e2b33,1,1,1,0,1,0,1,0,1,0,1,0,0,0,0,0,0,0,1,0,0,0,0
1215,146966622eb7ca05e67c132570b6c34a,0,1,1,0,1,0,1,0,0,0,0,0,0,0,1,0,1,1,0,0,0,0,0
1222,1498cb3e57f7ae6deaefce9cffc76c9b,0,1,1,1,1,0,1,1,1,1,1,0,0,0,0,0,0,0,0,0,0,0,0
1252,15307da1b3803640d7efd77778dc2b3d,0,1,1,0,1,0,1,0,0,1,0,0,0,0,0,0,0,0,0,0,0,0,0
1257,15358728efaecefc1930b7ca9877f4ee,0,1,1,0,1,0,1,1,0,0,0,1,0,0,0,0,0,0,0,0,0,0,0
1310,1629fe2d6702fe638d6e52345330203d,0,0,0,0,0,1,0,0,0,0,0,0,0,0,0,0,1,0,0,0,0,0,0
1312,1689b71af323dea3daeb1e1ca243a3fb,0,1,1,0,1,1,1,0,1,0,0,0,0,0,0,1,0,0,0,0,0,0,0
1319,173c9c2173fdf64c965a0fb0bb4606aa,0,1,1,0,1,1,1,1,0,0,0,0,0,0,0,1,0,0,0,0,0,0,0
1342,186c48b6d6b3494736436240f4283f50,1,1,1,1,1,0,1,0,1,0,1,1,0,0,0,1,0,0,0,0,0,0,0
1367,1870a7d51d2cd5b6e99661197c979524,1,0,0,0,0,1,0,0,0,0,0,0,0,0,0,0,0,0,0,0,0,0,0
1369,189adece0dd21eb905f1bfcc09298ecd,0,1,1,1,1,0,1,1,0,0,0,0,0,0,0,1,0,0,0,0,0,0,0
1396,18b9953f2328fed7482dda3deb45dcf5,1,1,1,1,1,1,1,1,1,0,1,0,0,0,1,1,1,0,0,0,0,1,0
1426,18d873e99c73abab540d7e9f5bd625a8,0,1,1,0,1,0,1,1,0,0,0,1,0,0,0,0,0,0,0,0,0,0,0
1432,19115f8d861df98e0f4a385403ec7297,0,1,1,1,1,0,1,1,0,0,0,0,0,0,0,0,0,0,0,0,0,0,0
1438,1911b1cdfee95bff6469a54c2cfe23f2,0,1,1,1,1,0,1,0,1,0,1,0,0,0,1,0,0,0,0,0,0,0,0
1450,19870bc160313d9e49d4895d880244e7,0,0,0,1,0,1,0,0,0,0,0,0,0,0,0,1,0,0,0,0,0,0,0
1455,19908769e65492bdc3910e01635bbc22,0,1,1,1,1,0,1,0,0,0,0,0,1,0,1,1,0,0,0,0,0,0,0
1465,1a2aff341204da8904fd42b6992b51a1,0,1,1,1,1,1,1,1,1,0,0,0,0,0,0,1,0,0,0,0,0,0,0
1484,1a406c1aa3f65a74a1a94dfa41e2ce51,1,1,1,1,1,0,1,0,1,0,1,0,0,0,1,1,1,0,0,1,0,0,0
1509,1aa7ad009d51094dcd8d4c72eff478c3,0,1,1,0,1,0,1,0,0,0,0,1,0,0,0,0,0,0,0,0,0,0,0
1515,1ac5f312f47342d26c2379dcf6cea214,0,1,1,0,1,0,1,1,0,0,0,0,0,0,0,0,0,0,0,0,0,0,0
1522,1ae2a46b39436dc9e1f0139bcaa11a93,0,1,1,1,1,1,1,1,0,0,0,0,0,0,1,0,1,0,0,0,0,0,0
1536,1af48f0a90cb99826777cbf0b7c686d9,0,1,1,1,1,0,1,0,1,0,1,0,0,0,1,1,0,0,0,0,0,0,0
1548,1af5e03863884fc2acad5b041fcde760,0,1,1,1,1,0,1,1,1,0,0,0,0,0,1,0,0,0,0,1,0,0,0
1560,1b790c4c4c115725f6d55f5491b75864,0,1,1,1,1,1,1,1,1,0,0,1,0,0,1,1,0,0,0,1,0,0,0
1593,1b928796f363e4dc05c775d6f54954c2,0,0,0,0,0,1,0,0,0,0,0,0,0,0,0,0,0,0,0,0,0,0,0
1596,1ba2d0ab9b0bc87b1d4e8b09fa674ff9,0,1,1,1,1,0,1,1,1,0,1,1,0,0,1,1,0,0,0,0,0,0,0
1608,1bf94f465f2280c48a00ea45201556f9,1,1,1,1,1,0,1,0,0,0,0,0,1,0,0,1,0,0,0,0,0,0,0
1617,1c0262b09b8f98cf0fcab4cec967661e,0,1,1,1,1,0,1,1,0,0,0,1,0,0,0,1,0,0,0,0,0,0,0
1640,1c12b88876e339e04cf5e599609d61f1,0,1,1,1,1,0,1,1,1,0,1,0,0,0,1,1,0,0,0,0,0,0,0
1664,1c18dbe71e395e81a4c2f1640065f2df,0,1,1,1,1,1,1,1,0,0,0,0,0,0,0,1,0,0,0,0,0,0,0
1676,1c557ecea99c8a32c952e5e5a7e8be0f,0,1,1,0,1,0,1,0,0,0,0,1,0,0,0,0,0,0,0,0,0,0,0
1681,1c5d42f9cf94d9eca90b3628d4d7f75d,0,1,0,1,0,1,0,1,1,0,1,0,0,0,0,1,0,0,0,0,0,0,0
1702,1c64e81f9085be91bd8c11f04885bc1e,1,1,1,0,1,0,1,0,0,0,1,0,0,0,0,1,1,0,0,0,0,0,0
1716,1c735da213f3057122b9a3d389c4438b,0,1,1,1,1,0,1,0,1,1,1,0,0,0,0,1,0,0,0,0,0,0,0
1756,1d4a7fea41a50bfa2415166997531dea,1,1,1,1,1,0,0,0,1,1,1,0,0,0,1,1,0,0,0,0,0,0,0
1770,1d986af94cdaf924384044ef2b1feda6,1,1,1,1,1,0,1,1,1,0,1,1,0,0,1,1,0,0,0,0,0,0,0
1800,1db181666b863be425838b33a244c614,0,1,1,1,1,0,1,1,0,0,0,0,0,0,0,1,0,0,0,0,0,0,0
1949,1e319056044664207b7fe8a169df084c,0,0,0,0,0,1,0,0,0,0,0,0,0,0,0,0,0,0,0,0,0,0,0
1950,1e50975ba98d210cf2d141ec0b7397c1,1,0,0,0,0,0,0,0,0,0,1,0,0,0,0,1,0,0,0,0,0,0,0
1953,1e78610bb127137ae210339776ac17d2,1,1,1,0,1,0,0,0,1,0,1,0,0,0,0,1,0,0,0,0,0,0,0
1963,1eaeea1774a713a8964678a68480eb1e,1,1,1,1,1,1,1,0,1,1,1,0,0,0,0,0,0,0,0,0,0,0,0
1979,1ebd9a46e9d38ac548d26c24475c184a,1,1,1,0,1,0,1,0,1,0,1,0,0,0,0,0,0,1,1,0,0,0,0
1992,1f2af7dcf218e3fb01e5f29042f4859d,0,1,1,0,1,0,1,1,0,0,0,0,0,0,0,0,0,0,0,0,0,0,0
1998,1f54235428cbe673012d7901843759ff,1,1,1,1,1,0,1,0,1,0,0,1,0,0,0,1,0,1,0,0,0,0,0
2013,202e0cca3b46e34708705d9f4167924c,0,1,1,0,1,1,1,1,0,0,0,1,0,0,0,0,0,0,0,0,0,0,0
2020,20408ecea2d7cf2850397f5d00707966,0,1,1,0,1,1,1,0,0,0,0,0,0,0,0,0,0,0,0,0,0,0,0
2025,2064e05a508fa9206f18f61211306bbc,0,1,1,1,1,0,1,1,0,0,0,0,1,0,0,0,0,0,0,0,0,0,0
2036,206d187415317c5ce1136402ccba28fd,0,1,1,1,1,0,1,1,1,1,0,0,0,0,1,0,0,0,0,0,0,0,0
2046,20785e1bb94dc087f8b00dd6f8b881b1,0,1,1,1,1,0,1,1,1,0,0,0,0,0,1,1,0,0,0,1,0,0,0
2082,208d44a7377761a342c8f0087ac97304,1,1,1,1,1,0,1,1,0,0,0,0,0,0,0,1,0,0,0,0,0,0,0
2091,20d5e927de655e96b2013f41ea91ade3,0,1,1,0,1,0,1,0,0,0,0,1,0,0,0,0,0,0,0,0,0,0,0
2096,20e6d9cbf3c833ca51c4043842e0a7b1,0,1,1,0,1,0,1,0,0,0,0,0,0,0,1,0,0,0,0,1,0,0,0
2102,215dd76650fb1529fb07b81393d128cc,0,1,1,1,1,1,1,1,1,1,0,1,0,0,0,1,0,0,0,0,0,0,0
2134,2188feabd027250e1c6aa73ce4b93774,1,1,1,1,1,0,1,0,1,0,1,1,0,0,0,1,0,0,0,0,0,0,0
2148,21dd781fe1b5535fc2d6dc74abde71a1,0,1,1,1,1,0,1,0,0,0,0,0,1,0,0,0,1,0,0,0,0,0,0
2160,21e28f6337ff700d41ee87a1b244ca78,0,1,1,0,1,0,1,0,0,0,0,0,0,0,0,0,0,0,0,0,1,0,0
2166,223a7ec8bb7c62ca120731897ddc2d5c,1,1,1,1,1,0,1,0,1,0,1,1,0,0,1,1,1,1,0,1,0,0,0
2200,231ce3ffaca9425d5c8e7916fa81edfb,0,1,1,0,1,0,1,0,0,0,0,0,0,0,0,0,0,0,0,0,0,0,0
2204,23303acbad4ced835ad719f0e0e51d27,0,1,1,1,1,1,1,0,0,0,0,0,0,0,0,0,0,0,0,0,0,0,0
2215,23e09ff395402bdcd679aa42ff7733b6,0,1,1,1,1,1,1,1,0,0,0,0,0,0,0,0,0,1,0,0,0,0,0
2231,242cf1bbb6b1bc8b6bd1bb6b988dc74a,0,1,1,0,1,0,1,0,0,1,0,0,0,1,0,0,0,0,0,0,0,0,0
2237,242f8255937541b03a117754ad36412d,1,1,1,0,1,0,1,0,1,0,1,0,1,0,1,0,0,0,1,0,0,0,0
2251,2446b92327462e2127b3f2693d26c04a,1,1,1,1,1,0,1,1,1,0,1,0,0,0,0,0,0,1,1,0,0,0,0
2272,2467ce8593dd0efe1ce5d4b82263bc5c,0,1,1,0,1,0,0,1,0,0,0,0,0,0,0,0,1,0,0,0,0,0,0
2283,2494be3ca550793c7dfc91fc24757de5,1,1,1,1,1,0,1,1,1,0,1,0,0,0,0,1,0,0,0,0,0,0,0
2302,24ae2c7a8ceccbefe27ba19f2cdd4495,1,1,1,1,1,0,1,1,1,0,1,1,0,0,1,1,0,0,0,0,0,0,0
2320,24d5e7af47c5fc49b662b7a89fa71053,0,0,0,0,1,1,0,1,0,0,0,0,0,0,0,1,1,0,0,0,0,0,0
2329,2518814bdd6f2fc0ff06f907dc877f82,0,0,0,0,0,1,0,0,0,0,0,0,0,0,0,0,0,0,0,0,0,0,0
2330,252dc11e0f9eb1ea54ce7753d543e642,0,1,1,1,1,1,1,1,0,0,0,0,0,0,0,0,0,0,0,0,0,0,0
2343,254eb384004de580e4840aa48dfff2c8,1,1,1,1,1,0,1,0,1,0,1,0,0,0,1,0,0,0,1,0,0,0,0
2354,2557cd4f51eecefae83b03a2731a6dad,0,1,1,1,1,0,1,1,0,0,0,0,0,0,1,1,1,0,0,0,0,0,0
2389,2567193ff2ad4910e8b44dd1fc853195,1,1,1,0,0,1,0,0,0,1,0,0,0,0,0,0,1,0,0,0,0,0,0
2396,258f464c03022a8510e9f4c067d1b8d7,1,1,1,0,0,0,1,0,1,1,1,1,0,1,0,0,0,0,1,0,0,0,0
2408,2604776c53d7659ba2f63cd8012cfe3b,0,1,1,1,1,1,1,1,0,0,0,0,0,0,1,1,0,0,0,1,0,0,0
2441,2614cd9bd34099b04ec7a5b3815d9dcd,0,0,0,0,0,1,0,0,0,0,0,0,0,0,0,0,0,0,0,0,0,0,0
2442,26390ea4193ad1beb981847f56fb27ad,0,1,1,1,1,0,1,0,1,0,0,1,0,0,1,1,0,0,0,0,0,0,0
2452,268963cbd5f12764c76522761d49c3db,0,1,1,0,1,1,1,0,0,0,0,0,0,0,0,0,0,0,0,0,0,0,0
2458,26a23e3b015fbc5331ec7cbf14dcf7b6,1,1,1,1,1,0,1,0,1,0,1,0,0,0,0,1,0,0,0,0,0,0,0
2475,26f6999627188ee4244bd5b4e66be452,0,1,1,1,1,0,1,1,0,0,0,0,0,0,1,1,0,0,0,0,0,0,0
2494,270c14cfefa4e0dc596c90f6a8c6c363,1,1,1,0,1,0,1,1,1,0,1,0,0,0,0,0,0,0,0,0,0,0,0
2507,2824218167d0043650cb936c7ae54fbe,0,1,1,1,1,1,1,0,1,0,1,0,0,0,1,1,0,0,0,0,0,0,0
2519,28351fc0ee957623210ae2cd58b3f948,0,1,1,0,1,0,1,0,0,0,0,1,1,0,0,0,0,0,0,0,0,0,1
2527,28368284a145474b2cc4961349bffcf3,0,1,1,1,1,1,1,1,1,0,1,0,0,0,1,1,0,0,0,0,0,0,0
2684,285e50434bbd8d4e00cf195e031471c7,0,1,1,1,1,0,1,1,0,0,0,1,1,0,0,0,0,1,0,0,0,0,0
2701,28672707a493492704db2bb1aff514c4,1,0,0,0,0,0,0,0,1,0,1,0,0,0,0,0,0,0,0,0,0,0,0
2704,28f717cf8a88463c064bad98f1d4c2f3,0,1,1,0,1,0,1,0,0,0,0,0,1,0,1,1,0,0,0,0,0,0,0
2713,29081c0cdef5f0595e304d7c2ff180b2,0,1,1,0,1,1,1,1,0,0,0,1,0,0,0,0,0,0,0,0,0,0,0
2724,29c68f723b88e2d3bb1172f847b831e4,1,1,0,0,0,1,0,0,1,0,1,0,0,0,0,1,0,0,1,0,0,0,0
2739,29feabf8f6a90d2c625cc1dd2e0e5608,1,1,1,0,1,0,1,0,0,0,1,0,1,0,0,1,1,0,0,0,0,0,0
2753,2a2003f6836b4720906cbae8893faec9,0,1,0,1,0,1,0,1,1,0,1,0,0,0,0,1,0,0,1,0,0,0,0
2793,2b8f011b320370b42d0cb58b02279174,1,1,1,1,1,0,1,1,1,0,1,0,0,0,0,1,1,0,0,0,0,0,0
2830,2bd8d3842055dfd1b823280be18b86f4,0,1,1,0,1,0,1,1,1,1,1,1,0,0,1,0,0,0,0,0,0,0,0
2845,2c0d8a39fb4ccb87a1ba81a4ab0bb2f4,1,1,1,1,1,0,1,1,0,0,1,0,0,0,0,1,1,0,0,0,0,0,0
2857,2c38245c979b755b1472f2916f0daf4d,1,1,0,1,1,0,1,0,1,0,1,0,1,0,1,0,0,0,1,0,0,0,0
2871,2c417ec542692a13a3b125f8d5b4f7e0,0,1,1,0,1,0,1,0,0,0,0,1,0,0,0,0,0,0,0,0,0,0,0
2876,2c597755067d64bf12050cbd7b62c30f,1,1,1,0,1,0,1,0,1,0,1,0,0,0,0,0,0,0,0,0,0,0,0
2883,2cd321395020766bab5f3d6e98370615,1,1,1,0,1,0,1,0,1,0,1,0,0,0,1,1,0,0,1,0,0,0,0
2898,2cfb93b59c43b29004cf6f31ccb35866,0,1,1,0,1,1,1,1,0,0,0,0,0,0,0,0,0,0,0,0,0,0,0
2905,2e273d205064ca23276d7f6e11c47b7c,0,1,1,0,1,0,1,0,0,0,0,0,0,0,0,0,0,0,0,0,0,0,0
2909,2ea74995cbe34a4265a414c1ddac6dad,0,1,1,1,1,0,1,1,0,0,0,0,0,0,0,0,1,0,0,0,0,0,0
2918,2f68b6851b2c2da6e70344c44c1ee797,0,1,1,0,1,1,1,0,0,0,0,0,0,0,0,0,0,0,0,0,0,0,0
2923,31825bd1c0c1c7430bb476473fb02427,0,1,1,0,1,0,1,0,0,0,0,0,0,0,0,1,0,0,0,0,0,0,0
2928,31a2a5bf01a650de54f5867239a05358,0,1,1,1,1,0,1,1,1,0,1,0,0,0,1,1,0,1,0,1,0,0,0
2948,31b70a3c4e315eb48ce2f05a6af1f4c7,0,1,1,1,1,0,1,1,0,0,0,1,0,0,1,1,0,0,0,1,0,0,0
2961,31dbb2f9f52779609a23ab408c4f17c2,0,1,1,0,1,0,1,1,0,0,0,0,1,0,0,0,1,0,0,0,0,0,0
2968,31ee77e6f2a77616b0529452826a2e5e,1,1,1,1,1,0,1,1,1,0,1,0,0,0,0,1,0,0,0,0,0,0,0
2989,32574516b6e722bcaccd61294d9a44f4,0,1,1,0,1,0,1,0,0,0,0,0,1,0,0,0,0,0,0,0,0,0,0
2994,32c03669a8a41dc78afc656f9eef1d08,0,1,1,0,1,0,1,0,0,0,0,0,0,0,0,0,0,1,0,0,0,0,0
2999,3300d59871c86ce4cbb7797cc3389bec,0,1,1,1,1,0,1,0,1,0,0,0,0,0,0,1,0,0,0,0,0,0,0
3008,333a80b1c4f744614ccb87b8f8824584,0,1,1,1,1,0,1,0,0,0,0,0,0,0,0,0,0,0,0,0,0,0,0
3014,338f1face3221db325af58494e595031,0,1,1,1,1,1,1,0,0,0,0,0,0,0,0,0,0,0,0,0,0,0,0
3020,33d4c1a149926acd6536452ecbddc8e2,0,0,1,0,1,0,1,1,0,0,0,0,1,0,1,1,0,0,0,0,0,0,0
3034,33df68e60856407de4a6d6d10898a0d5,0,1,1,1,1,0,1,0,1,1,0,0,0,1,1,1,1,0,0,0,0,0,0
3055,340a603b92a8a87d8df54de8b3f4cebc,1,1,1,1,1,0,1,0,1,1,1,0,0,0,1,1,0,1,1,0,0,0,0
3090,349cf7c42e78a9348cd2e16e39c6b2a1,1,1,1,0,1,0,1,1,1,0,1,0,0,0,0,0,0,0,0,0,0,0,0
3100,34bc6a1b14fbd2cab9cf48521e2af7ab,1,1,1,1,1,0,1,1,0,0,1,0,0,0,0,0,0,0,1,0,0,0,0
3121,350117d2687170f2c9cda719dcfe9874,1,1,1,1,1,0,1,0,1,0,1,0,0,0,0,1,0,0,0,0,0,0,0
3140,36349bfe556825eb3041de5dec1acae3,1,1,1,0,1,0,1,0,1,1,1,1,0,1,0,1,0,1,1,0,0,0,0
3162,36349fc0362c79b7bd699db1a37ab49c,0,1,1,0,1,0,1,0,0,0,0,0,0,0,0,0,0,0,0,0,0,0,0
3166,369c0df7caa71a3cded0e653598dba24,0,1,1,0,1,0,1,1,0,0,0,1,0,0,0,0,0,0,0,0,0,0,0
3173,36d05f7d7de29d6195faf1a5fc978d03,0,1,1,0,1,1,1,0,1,0,0,0,0,0,1,0,0,0,0,0,0,0,0
3180,36e396c36c0c652d06dee2f85acb11c9,1,1,1,1,1,0,1,1,1,0,1,0,0,0,1,1,0,1,0,0,0,0,0
3227,375f680cd1242eb7bf9263dd5ba1fe6d,1,1,1,0,1,1,1,0,0,0,0,1,0,0,0,1,0,1,0,0,0,0,0
3238,376718de739ee11bd02d64e7ac1e6b91,0,1,1,0,1,1,1,0,0,0,0,0,0,0,0,0,0,0,0,0,0,0,0
3243,37c54950adfde875fc0c47ce59ef9413,0,1,1,0,1,0,1,1,0,1,0,0,0,0,0,0,0,0,0,0,0,0,0
3262,37cff7850dce57b850c727da0a30e569,0,1,1,1,1,0,1,1,0,0,0,0,0,0,1,1,0,0,0,0,0,0,0
3295,38041ee2e8b2c82bb886cced22e52f24,0,1,1,0,1,0,1,0,1,1,0,0,0,0,0,0,0,0,0,0,0,0,0
3306,385f820f77b8a4ac405178faf27cda22,1,1,1,1,1,0,1,1,0,0,0,0,0,0,0,1,0,0,0,0,0,0,0
3317,387c88f25e204376acf003420663fef5,1,1,1,1,1,0,1,0,1,0,0,0,0,0,0,1,0,0,0,0,0,0,0
3326,38837e2d6cad9dfb09d951825b1b4fca,0,1,1,1,1,0,1,0,1,0,1,0,0,0,1,1,0,0,0,0,0,0,0
3348,389ef7a081ffbee9915de2c0db4b0e8d,1,1,1,1,1,0,1,1,1,0,0,0,0,0,0,1,0,1,0,0,0,0,0
3364,38c5600b2cef3232ae2db7b51b5cdb4b,1,1,1,1,1,0,1,1,1,0,1,0,0,0,0,1,0,0,0,0,0,0,0
3382,38d61e1a86ec9b86a036bbba21ac2dfe,0,1,1,1,1,0,1,1,1,0,0,0,0,0,1,1,0,0,0,1,0,0,0
3414,38dba38d603307835e1b88b47ef0c34c,0,1,1,1,1,0,1,0,0,0,0,0,0,0,0,0,0,0,0,0,0,0,0
3419,3904a3b8d43d05675044b6596d965516,0,1,1,0,1,1,1,0,0,0,0,1,0,0,1,1,0,0,0,1,0,0,0
3429,39c9fc940cb63f5253d220f37e7ce587,0,1,1,0,1,0,1,0,0,0,0,0,0,0,0,0,0,0,0,0,0,0,0
3433,3a2bac2ff9f5f90449ee50bd77be6246,0,1,1,1,1,0,1,0,0,0,0,0,0,0,0,0,0,0,0,0,0,0,0
3438,3a57dc7f1e9c53802b2d7d70a8c8398e,0,1,1,1,1,1,1,0,1,0,0,1,1,0,1,1,0,0,0,0,0,0,0
3452,3a847271bca021f730165eb5d34710f3,0,0,0,0,0,1,0,0,0,0,0,0,0,0,0,0,0,0,0,0,0,0,0
3455,3ab0365f7c3971229b1c39a165b348f6,0,0,0,1,0,1,0,1,0,0,0,0,0,0,0,0,0,0,0,0,0,0,0
3461,3b0e78006bdafefcf05a0ee4d7f978ab,0,1,1,0,1,1,1,1,0,0,0,0,0,0,0,0,0,1,0,0,0,0,0
3479,3ba65939b03dd736b664863bd5e7eed4,1,1,1,0,1,0,1,0,1,0,1,0,0,0,0,0,0,0,0,0,0,0,0
3498,3bfc54f0e636e24b24d40885b63e34cc,0,1,1,0,1,1,1,0,0,0,0,0,0,0,0,1,0,0,0,0,0,0,0
3507,3d119362b1d08614d469324cf046271f,0,1,1,1,1,0,1,1,0,0,0,0,0,0,0,1,0,0,0,0,0,0,0
3517,3d49da0965533c33153bb65eb1b6d11d,1,1,1,1,1,1,1,1,1,1,1,0,1,0,1,1,0,0,0,0,0,0,0
3545,3ddccd890467c76dd9886a40dbd51800,0,1,1,1,1,1,1,1,0,1,0,1,0,0,0,1,0,0,0,0,0,0,0
3564,3ea9a683522f9c4db196734ca9764133,1,1,1,1,1,0,1,1,0,0,1,0,0,0,0,1,0,0,0,0,0,0,0
3586,3ee27e464dfd51c416fb80b4e7330c76,0,1,1,0,1,1,1,0,0,1,0,0,0,0,0,0,0,0,0,0,0,0,0
3592,3ff515e258fd127963d4b549dd158dbd,0,1,1,0,1,1,1,0,0,0,0,0,0,0,1,0,0,0,0,0,0,0,0
3598,401f06afe10a40b0ce430c4b486fbf98,0,1,1,1,1,0,1,1,1,1,1,0,0,0,1,1,1,0,0,0,0,0,0
3641,40bb760dcafe2254a0dfe804eac23a33,1,1,1,1,1,1,1,0,1,0,1,1,0,0,0,1,1,0,0,0,0,0,0
3680,40d74d801142724f930bd784d2273059,1,1,1,1,0,1,0,1,1,0,1,0,0,0,0,1,1,0,1,0,0,0,0
3711,415a999a1ed566ebf7e65e950bac72fb,1,1,1,0,1,0,1,0,0,0,0,0,0,0,0,1,0,0,1,0,0,0,0
3718,41ef8ce6c7e3ce0869d791dc17a3d161,1,0,0,1,0,1,0,1,1,0,1,0,0,0,1,1,0,0,0,0,0,0,0
3834,41f7789dea5f3312bdf57632460561c0,0,1,1,0,1,1,1,1,0,0,0,0,0,0,0,0,0,0,0,0,0,0,0
3842,423ffa8cbe761baa995e981904f479db,0,1,1,1,1,0,1,1,0,0,0,1,0,0,1,1,1,0,0,0,0,0,0
3858,424090309305e8b36ebf4e45490d8699,1,1,1,1,1,0,1,0,1,0,1,0,0,0,1,1,0,0,0,0,0,0,0
3883,4260d7d2ac838b5e5b80a52516f78f5b,0,1,1,1,1,1,1,1,0,0,0,0,0,0,0,1,0,0,0,0,0,0,0
3902,430d96d025d9c30dbd62aa4fd3591e98,1,1,1,0,1,0,1,0,1,0,1,0,0,0,1,1,0,0,1,0,0,0,0
3913,4359ebe5e116311852440785e34f916e,1,1,1,1,1,0,1,0,0,0,1,0,0,0,0,0,0,0,1,0,0,0,0
3924,4383288d6bab753c11fc2f4ea43b1eb8,0,1,1,1,1,0,1,1,0,0,0,0,1,0,1,1,1,0,0,0,0,0,0
3958,43acfb851b122c9a40e9bfbf4e76a987,0,1,1,0,1,0,1,0,0,1,0,0,0,0,0,0,0,1,0,0,0,0,0
3965,43b4c442aeac033aa6cc97df88b5aed8,1,1,1,0,1,0,1,1,0,0,1,0,0,0,0,0,0,0,0,0,0,0,0
3976,441ffbb3d0324236d47a0f7e1ebd02f9,0,1,1,1,1,1,1,0,0,0,0,1,0,0,0,1,0,0,0,0,0,0,0
3984,4574a7082953f5413fa884d53d878986,0,1,1,1,1,1,1,1,0,0,0,0,1,0,0,0,0,0,0,0,0,0,0
3998,459e6058a0128608eca6f2e4baffcbb6,1,1,1,0,1,0,1,0,1,0,1,0,0,0,0,0,0,0,1,0,0,0,0
4006,4625f7ed22e911f5290a3660feb4efdb,0,1,1,1,1,1,1,1,1,0,0,1,0,0,1,1,0,0,0,0,0,0,0
4028,466f747de57099409c4d851f2775613f,0,1,1,1,1,1,1,1,1,0,1,0,0,0,1,1,1,0,0,0,0,0,0
4127,46893f70a2c99e6ad111c032fb602758,0,1,1,0,1,0,1,0,1,0,0,0,0,0,1,1,1,0,0,1,0,0,0
4139,46c1d5ea297bd502e2d7f9dba6056bdd,0,1,1,1,1,0,1,1,1,0,1,1,0,0,1,1,0,0,0,1,0,0,0
4186,473e8564480e721b794006b4362b0a2d,1,1,1,0,1,0,1,1,1,0,1,1,0,0,0,1,0,0,0,0,0,0,0
4197,4858d7c1242de839319efebd510e5833,0,1,1,0,1,0,1,0,0,0,0,0,0,0,0,0,0,0,0,0,0,0,0
4201,4949c7b6dfa8cef23d641fd98d50ab18,1,1,0,0,0,0,0,1,1,0,1,0,0,0,0,1,1,0,0,0,0,0,0
4290,494d52061c082cec80e62b80d0042d72,0,1,1,0,1,1,1,0,0,0,0,0,0,0,0,0,0,0,0,0,0,0,0
4297,49955bcc5e4bac51a23b38fbb847e910,0,1,1,0,1,0,1,0,1,0,0,1,0,0,1,1,0,0,0,1,0,0,0
4306,4a6d90a42a49fb43ebd0ea82f406d34d,0,1,1,0,1,0,1,1,0,0,0,0,0,0,1,1,0,0,0,1,0,0,0
4318,4aa64a1cb0dc8a8d3147562ce234a3e5,1,1,1,1,1,0,1,1,1,0,1,0,0,0,1,1,0,0,0,0,0,0,0
4335,4b05850de2b0726430f0c171c75d5f87,0,1,1,0,1,0,1,1,0,0,0,0,0,0,0,0,0,0,0,0,0,0,0
4342,4b05befff3a1d4b162b82ed9054cf712,0,1,1,0,1,0,0,1,0,0,0,0,0,0,0,0,0,0,0,0,0,0,0
4348,4b5f8f36415758d07940d6b9285a0b88,0,1,1,0,1,1,1,0,0,0,0,1,0,0,0,0,0,0,0,0,0,0,0
4354,4b98d821327ceee07c9356467b38baaa,0,1,1,1,1,0,0,1,0,0,0,0,0,0,0,1,0,0,0,0,0,0,0
4465,4c14e25c7133054ff3ffd583ea798a4b,0,1,1,1,1,1,1,1,0,0,0,0,0,0,0,0,0,0,0,0,0,0,0
4475,4c36cc224295123abac39e074804f1d2,0,1,1,0,1,0,1,1,0,0,0,1,0,0,1,0,0,0,0,0,0,0,0
4482,4c6ed7c9dfdd8bb6a46f0abdbfbd7cb8,0,1,1,1,1,0,1,0,0,0,0,1,0,0,0,0,0,0,0,0,0,0,0
4489,4c94765da12237b4781eae5871bba09b,0,1,1,0,1,0,1,1,0,0,0,0,0,0,0,0,0,0,0,0,0,0,0
4494,4d173c7fcb0f6bacfd31227558490c0d,0,1,1,0,1,1,1,0,0,0,0,0,0,0,0,0,0,0,0,0,0,0,0
4499,4d19655d46028f8d76299fcda129e9d2,0,1,1,1,1,1,1,1,0,0,0,0,1,0,1,1,0,0,0,0,0,0,0
4540,4e163599d4c5f2ea99f1e362574395c4,0,1,1,0,1,0,1,0,0,1,0,0,1,0,0,0,0,0,0,0,0,0,0
4548,4e8c6c9508d1baa221a0603ca797c09f,0,1,1,1,1,0,1,1,0,0,0,0,0,0,1,1,0,0,0,0,0,0,0
4562,4eb4c6847976cea22cfa60d254ea7955,0,1,1,1,1,0,1,0,0,0,0,0,0,0,0,1,0,0,0,0,0,0,0
4573,4ec04eeaeb92999f172d715b14778cc1,0,1,1,1,1,0,1,0,0,0,0,1,0,0,1,0,0,0,0,0,0,0,0
4581,4eec281375b6d8de355bc7f5ce6107f5,1,1,1,1,1,0,1,1,1,0,1,0,0,0,0,0,0,0,0,0,0,0,0
4597,4f915b8fd0e0b00021ee799a232e80d7,0,1,1,0,1,0,1,1,0,1,0,1,0,0,0,1,0,0,0,0,0,0,0
4612,4fba4b79bfe1c7f4ce494d72b528e408,0,0,1,0,1,1,1,0,1,0,0,0,1,0,1,1,0,0,0,1,0,0,0
4633,5085db2422dd457f81d595b1adbfe4a8,1,1,1,1,1,1,1,1,1,0,1,0,0,0,0,0,0,0,0,0,0,0,0
4683,5088f296d47983033db15af390403713,0,1,1,1,1,0,1,1,1,1,1,0,0,0,0,1,0,0,0,0,0,0,0
4704,51006ca5d6592611a001f18c77adcb86,0,1,1,0,1,0,1,0,0,0,0,0,0,0,0,0,0,0,0,0,0,0,0
4708,511e5e8012881579f5f0ba089577cb5c,0,0,0,0,0,1,0,0,0,0,0,0,0,0,0,0,1,0,0,0,0,0,0
4710,514046f7694ccccfc534baf5a573f7e4,0,1,1,0,1,0,1,1,0,0,0,0,1,0,1,1,0,1,0,0,0,0,0
4728,5172f2538739cd7b096c2e039cca13bb,0,1,1,1,1,0,1,1,1,0,0,1,0,0,1,1,0,0,0,0,0,0,0
4772,51a344e411d1ca1efccb949e151faeec,1,1,1,0,0,0,1,0,1,1,1,0,0,0,1,1,1,0,0,0,0,0,0
4784,51d15c7f78bfff49bdd2a9e43c686c57,1,1,1,0,1,1,1,0,1,0,1,0,1,0,0,0,1,0,0,0,0,0,0
4795,520c53e60a665c9c1c78671024f640a7,0,1,1,1,0,1,1,1,1,0,1,0,0,0,1,1,1,0,0,0,0,0,0
4813,5269bedc00c765383dbd9b75214d6107,0,1,1,0,1,0,1,0,0,0,0,1,0,0,0,0,1,0,0,0,0,0,0
4819,5393129fdf773191f7b3de51b35bb15d,1,1,1,0,1,0,1,1,0,0,1,0,0,0,0,0,0,0,1,0,0,0,0
4832,53a0b26f55392f7db475bd6891f89587,0,1,1,1,1,0,1,0,1,0,1,0,0,0,0,1,0,0,0,0,0,0,0
4840,544dcd8988c23baf7f4bb54539131370,0,1,1,0,1,0,1,0,0,0,0,0,0,0,0,1,0,1,0,0,0,0,0
4848,549c2f07029b3b89c39b1a234eea17e7,0,1,1,0,1,0,1,0,0,0,0,0,0,0,0,0,0,0,0,0,0,0,0
4852,54ba4ccb40da72d1174d206436d0b8c1,0,0,0,0,0,1,0,0,0,0,0,0,0,0,0,0,0,0,0,0,0,0,0
4855,54ca6ba06580997b4600d4ec927d877e,0,1,1,1,1,1,1,1,0,0,0,0,0,0,0,0,0,0,0,0,0,0,0
4898,54ebefdcff1b349d2a636ee2cab0d2d9,0,1,1,0,1,1,1,1,0,0,0,1,0,0,0,0,0,0,0,0,0,0,0
4926,55238082030979fdd9e5f3f28bdc3d41,0,1,1,0,1,0,1,0,0,0,0,0,0,0,0,0,0,0,0,0,0,0,0
4930,55e5218c49cddd5979cfe8d99aebe211,0,1,1,0,1,0,1,0,0,1,0,0,0,0,0,0,0,0,0,0,0,0,0
4935,5626694c4b0611f4d609ade48f9c33ea,0,1,1,0,1,0,1,1,0,0,0,1,0,0,0,0,0,0,0,0,0,0,0
4941,5643e7f48ecaaa954360dcea11326f90,1,1,1,0,0,0,1,0,1,1,1,0,0,1,0,0,0,0,1,0,0,0,0
4950,571f164f7c0755e4a9b8b81677ae8108,0,1,1,0,1,0,1,1,1,1,1,0,0,0,0,1,0,0,0,0,0,0,0
4969,57355471e5fc8052b717b33a9c15c8bb,0,0,0,0,0,1,0,1,0,0,0,0,0,0,0,0,1,0,0,0,0,0,0
4975,578a167f3ac0dde4f7d640f73a162fbb,1,1,1,1,1,0,1,1,0,0,1,0,0,0,0,0,1,0,0,0,0,0,0
4992,57c581fe3e3db95790033d16cd40612c,0,1,1,0,1,1,0,1,0,0,0,0,0,0,0,0,1,0,0,0,0,0,0
4998,57c8465ad95217be2406e567acfe5adc,0,1,1,1,1,0,1,0,0,0,0,0,0,0,0,0,0,0,0,0,0,0,0
5003,57d215f2f98eec7cb3643c6632345706,0,1,1,0,1,0,1,0,0,0,0,0,0,0,0,0,0,0,0,0,0,0,0
5007,57e5c76a77ab90a452aef66b3321ef94,1,1,1,0,0,0,1,0,1,0,1,1,0,0,0,0,0,0,1,0,0,0,0
5015,58edfdc0d9a5d6545493b55f57f92706,1,1,1,1,1,0,1,1,1,0,1,1,0,0,1,1,0,0,0,0,0,0,0
5054,59334d4276f4dea8ae7f7f69d8e50fd1,0,1,1,1,1,0,1,1,0,0,0,1,0,0,1,1,1,0,0,0,0,0,0
5079,5984590369784a743c04b9d9406a1942,0,1,1,1,1,0,1,1,1,1,1,0,0,0,1,1,0,0,0,1,0,0,0
5117,59ad0757ef2b3147ec650c7725d4189b,0,1,1,0,1,0,1,1,1,0,1,1,0,0,0,1,0,0,0,0,0,0,0
5126,59c7a52fcbad645262a9d47c37718761,0,1,1,0,1,0,1,1,0,0,0,1,0,0,0,0,0,0,0,0,0,0,0
5136,5a3e9a1f1254bd8435cb156a36434e6f,0,1,1,0,1,0,1,0,1,1,1,0,0,0,0,0,0,0,0,0,0,0,0
5145,5a8c64f33e9d268f81e5c697c5361eae,0,1,1,0,1,0,1,0,0,0,0,0,0,0,1,1,0,0,0,0,0,0,0
5152,5a90e9973c256c19c17b03bdda1c1fc4,1,1,1,1,1,1,1,1,1,0,1,0,0,0,1,1,0,1,0,1,0,0,0
5183,5ab705cd907b3c74ea390841553d7e7b,0,1,1,1,1,1,1,0,1,1,1,0,1,0,1,0,0,0,0,0,0,0,0
5203,5b6e0e28ca9c0ad0c28b9833e0f6f3bb,1,1,1,0,1,0,1,0,1,0,1,1,0,0,0,0,0,0,1,0,0,0,0
5212,5b739aadc5308f5c4b98cdb12a5b4bb3,0,1,1,1,1,0,1,1,0,1,0,0,0,0,1,1,0,0,0,0,0,0,0
5235,5bad87d58cd78093eeea2543a9eaa915,0,1,1,0,1,1,1,0,0,0,0,0,0,0,1,1,0,0,0,0,0,0,0
5242,5cc41caf408dda07644802b540b0fae8,0,1,1,0,1,0,1,0,0,0,0,0,0,0,0,1,0,0,0,0,0,0,0
5247,5ce08b9be82835b1e0ec4fa23e7179c5,0,1,1,1,1,1,1,1,1,0,1,1,0,0,0,0,0,0,0,0,0,0,0
5259,5ce0a8ef13021601ba06c305cc6d4fbe,0,1,1,1,1,0,1,0,0,0,0,1,0,0,0,0,0,1,0,0,0,0,0
5267,5d91115e38308fbbcf738ae08be36c0c,1,1,1,0,1,0,1,0,0,0,1,0,0,0,1,1,0,0,1,0,0,0,0
5281,5de23b06c399efbbcb1e691fff3f9cf3,0,1,1,0,1,0,1,0,0,0,0,0,0,0,0,0,1,0,0,0,0,0,0
5286,5e2991eb04597154c4c818c705a83714,0,1,1,0,1,0,1,0,0,0,0,0,0,0,0,0,0,0,0,0,0,0,0
5290,5f019dad536b950ee380f02f801ef821,1,1,1,1,1,0,1,0,1,1,1,1,0,0,0,1,0,0,0,0,0,0,0
5306,5f075d270e0cb3da5b6660dd59f3ad8d,1,1,1,1,1,1,1,1,1,0,1,0,0,0,0,1,0,0,0,0,0,0,0
5328,5f7a028c0833b707f467e642dbbba94c,0,1,1,1,1,1,1,0,0,0,0,1,0,0,0,0,0,0,0,0,0,0,0
5337,602502c44ff131d642975f04c3e9328f,0,1,1,1,1,1,1,0,0,0,0,0,0,0,1,1,0,0,0,0,0,0,0
5346,604062fd35365e259606987533396503,0,1,1,1,1,1,1,0,1,0,1,0,0,0,0,1,0,0,0,0,0,0,0
5364,627f50253b42607513a1c93bb68201ad,0,1,1,1,1,0,1,1,1,0,0,1,0,0,0,1,0,0,0,0,0,0,0
5862,6300c5ac3661082132d9db2f9fd96850,0,1,1,0,1,0,1,0,0,0,0,1,0,0,0,0,0,0,0,0,0,0,0
5867,634e69cfa62279449e8765e7c4fbd768,0,1,1,0,1,0,0,0,0,0,0,1,0,1,0,0,0,0,0,0,0,0,0
5875,638a7b0cb6c8c36914929f0f6dec5f99,1,1,1,1,1,0,1,1,1,0,1,0,0,0,1,1,0,0,1,0,0,0,0
5889,6447dd1e764aa2035f2ff6febdcd903b,1,1,1,1,1,0,1,0,1,0,1,0,0,0,0,0,0,0,1,0,0,0,0
5898,644e0fa1e929604a8edb1430ae6c7a0c,0,1,1,0,0,0,1,0,0,1,0,0,0,0,0,0,1,0,0,0,0,0,0
5905,645bf5f106758155d7d941623c9c6776,0,1,1,0,1,0,1,0,0,0,0,0,0,0,0,0,0,0,0,0,0,0,0
5909,6479fa55065c7db1c8903855a765a3e2,0,1,1,0,1,0,1,0,0,0,0,0,0,0,0,0,0,0,0,0,0,0,0
5913,64b11b91d10d9b18e395f1870a070788,1,1,1,1,1,0,1,1,1,0,1,1,0,0,1,1,1,0,0,0,0,0,0
5950,6500ae39d2f7d8f84514ae25ec777a90,1,1,1,0,1,1,1,0,0,0,0,0,0,0,0,0,1,0,1,0,0,0,0
5960,6523b0c048a6b137256cafc1523c2c2e,0,1,1,1,1,0,1,0,1,0,1,0,0,0,1,1,0,0,1,0,0,0,0
5972,6599be6f48c75cd41e1414e7a7cd22e5,0,0,0,0,0,1,0,0,0,0,0,0,0,0,0,0,0,0,0,0,0,0,0
5973,66156a8939ecab2faa5b3894d660dece,1,1,1,1,1,1,1,0,1,1,1,1,0,1,1,0,1,0,0,1,0,0,0
6029,668a41f056472415c920e6541ed99a12,1,1,1,0,1,0,1,0,1,0,1,0,0,0,0,0,0,0,0,0,0,0,0
6036,668f7ab9e3245b7aafd3b6b608770fb1,0,1,1,0,1,1,1,1,0,0,0,0,0,0,0,0,0,0,0,0,0,0,0
6146,66b10fd6c2896eb0544358c22f857daf,1,1,1,1,1,0,1,0,1,1,1,0,0,0,1,1,0,0,1,1,0,0,0
6174,66b31f5f5cd3fe44a57318ede88e25f6,1,1,1,0,1,0,1,1,1,0,1,1,0,0,0,0,0,0,1,0,0,0,0
6189,66d1fab17f5b7bcf9e43ae0438a2a6cf,1,0,0,1,0,0,0,1,1,0,1,0,0,0,1,1,0,0,0,0,0,0,0
6228,674897285cc1fd33e445cf142f129902,0,0,0,1,0,1,0,0,0,0,0,0,0,0,0,1,0,0,0,0,0,0,0
6231,679eba26c4e75e0afb178360becfa21b,0,1,1,0,1,0,1,0,1,0,0,0,0,0,0,0,0,1,0,0,0,0,0
6238,67e44c02222349a4e5aff1233d06b8ce,0,1,1,1,1,0,1,1,0,0,0,0,0,0,1,1,0,0,0,0,0,0,0
6261,67f7ee21393060f86207711face96b90,0,0,1,0,0,1,1,1,0,0,0,0,0,0,0,0,0,0,0,0,0,0,0
6266,68142b43f18b2a9addc20e685cfa2d3e,0,1,1,0,1,1,1,0,0,1,0,0,0,0,0,0,0,0,0,0,0,0,0
6273,681be137529c920b3fe7ca9b11001304,0,1,1,1,1,1,1,1,1,0,1,0,0,0,1,1,0,0,0,0,0,0,0
6456,6a44861a524688ce200eb1dd74f1ec13,1,1,1,0,1,0,1,0,1,0,1,0,0,0,0,1,1,0,1,0,0,0,0
6466,6a50932e4131dfcb0c07bb68a6424a19,0,1,1,0,1,0,1,0,0,0,0,1,0,0,0,0,0,0,0,0,0,0,0
6471,6b03383c14cd259c5fd84d98929d8073,1,1,1,0,0,0,1,0,0,0,0,0,0,0,0,1,0,0,1,0,0,0,0
6477,6b127f16e353afcb2ca1856278059f3a,1,1,1,0,1,0,1,1,0,0,1,0,0,0,0,0,0,1,0,0,0,0,0
6486,6b2086f59270bdb54200860df038f920,1,1,1,0,1,0,1,1,1,0,1,0,0,0,0,1,0,0,0,0,0,0,0
6508,6b3bfe87a5b8f183e3cf042103e15da6,1,1,1,0,1,0,1,0,1,0,1,0,0,0,0,0,0,0,1,0,0,0,0
6523,6b41e43bf0a42c1a96e10f061c2fdc0f,0,1,1,0,1,0,1,1,0,0,0,0,0,0,0,0,0,0,0,0,0,0,0
6528,6bfa46a06fc54864c56230aaf3c79e42,1,1,1,1,1,0,1,0,1,0,1,0,0,0,0,0,0,0,0,0,0,0,0
6540,6c33305d1461f30e67d3284b367b36c1,0,1,1,1,1,1,0,0,1,0,1,0,0,0,1,1,0,0,0,0,0,0,0
6558,6c4f1c8d83df5679c8e706fa960ef2e2,0,1,1,0,1,1,1,0,0,0,0,0,0,0,0,0,0,1,0,0,0,0,0
6565,6c8097d370dca54d43273c076df3f905,1,1,1,1,1,1,1,0,0,0,0,0,0,0,0,1,1,0,0,0,0,0,0
6577,6cd4b3af304d32aefeb446632209c00d,1,1,1,0,1,0,1,0,0,0,1,1,0,0,0,1,0,1,1,0,0,0,0
6589,6d02e41c8e9947497e07f058a3f58180,0,1,1,1,1,0,1,1,1,1,1,0,1,0,1,1,0,1,0,0,0,0,0
6659,6d1635dc013afbcd32cbf263fefd1da2,0,1,1,0,1,0,1,1,0,0,0,1,0,0,0,0,0,0,0,0,0,0,0
6665,6d66d3af4a1e1cc0cd828bf070b9cea4,0,1,1,1,1,0,1,1,1,0,0,1,0,0,0,1,0,0,0,0,0,0,0
6686,6d6a965b76b7438f073e286c410b6172,0,0,0,0,0,1,0,0,0,0,0,0,0,0,0,0,0,0,0,0,0,0,0
6687,6d72103921deb3f259ad4f3b5010d645,1,1,1,0,1,0,1,0,1,0,1,0,0,0,1,0,0,0,0,0,0,0,0
6697,6dc3dec7644a5be8187fd5edfb7dc961,0,0,0,0,0,1,0,0,0,0,0,0,0,0,0,0,0,0,0,0,0,0,0
6698,6e4214a92f2f666f39cab4f3f85552a1,1,1,1,0,1,0,1,0,0,0,1,0,0,0,0,0,0,0,0,0,0,0,0
6704,6e488a2cd37d0be31525956b781329ef,0,1,1,1,1,0,1,0,0,0,0,0,0,0,1,1,0,0,0,1,0,0,0
6713,6ebd67ba68c521c86d797a1c439d6de9,0,1,1,0,1,0,1,0,0,0,0,0,0,0,0,0,0,0,0,0,0,0,0
6717,6ed0c8f06d0e3853edafbea251c85e23,0,1,1,0,1,1,1,0,0,0,0,0,0,0,0,1,0,0,0,0,0,0,0
6723,6ed6795bd1ceb8e34090bab0abe5d427,0,1,1,0,1,0,1,0,1,1,1,0,0,0,1,0,0,0,0,0,0,0,0
6734,6f227f1eed0b0a2d593c2393191465d7,0,1,1,1,1,0,1,1,0,0,0,0,0,0,0,0,0,1,0,0,0,0,0
6741,6f85b2697597c8fbcfd59ac98452fbbd,1,1,1,0,1,0,1,0,0,0,0,0,0,0,0,1,0,1,0,0,0,0,0
6751,707b28277600d533b82416346e1e0c03,0,1,1,0,1,1,1,0,0,0,0,1,0,0,0,0,0,0,0,0,0,0,0
6758,70a531dec42819345490a13d996c2c02,0,1,1,1,1,0,1,1,0,0,0,1,0,0,1,1,0,0,0,0,0,0,0
6774,71125c5ba4a2db3a6936461824a39454,0,0,0,0,0,1,0,0,0,0,0,0,0,0,0,0,0,0,0,0,0,0,0
6777,71bc35c99af9dc4764efddef3507c7f6,0,1,1,1,1,1,1,1,0,0,0,0,0,0,0,0,0,0,0,0,0,0,0
6795,72ba1daf18a4f8d055f638a01e0ce00f,1,1,1,1,1,0,1,1,1,0,1,1,0,0,1,1,0,0,0,0,0,0,0
6813,72ddc089f598099bef84a1d427453518,0,1,1,0,1,0,1,0,1,0,1,0,0,0,0,1,0,0,0,0,0,0,0
6822,7330db2476147855496e9baf3c68fa1f,1,1,1,1,1,0,1,1,1,0,1,0,0,0,0,1,0,0,0,0,0,0,0
6842,7358e98fcaee5650976f24757afaee80,0,1,1,0,1,0,1,0,0,0,0,0,0,0,0,0,0,0,0,0,0,0,0
6846,73a754cf72593344bcd2412c1c24975b,1,1,1,1,1,0,1,0,1,0,1,1,0,0,1,1,0,0,1,1,0,0,0
6871,73e6e088d9488e7282bb8401c9e1dd8c,1,1,1,0,1,0,1,1,0,0,1,0,0,0,0,1,0,1,0,0,0,0,0
6890,740ba60aca6e9c45ff92f344eba5e2ff,0,0,1,0,0,1,0,0,0,0,0,1,0,0,0,0,1,0,0,0,0,0,0
6894,74211274966334ab67e873e978419c5a,0,1,1,1,1,0,1,0,0,0,0,0,1,0,0,0,0,0,0,0,0,0,0
6900,7446531cc6fc95e443b3b10e37ee41c3,0,1,1,1,1,0,1,0,1,0,1,0,0,0,1,1,0,0,0,0,0,0,0
6922,746355602a97e0c70015a35f67a96f71,1,1,1,1,1,0,1,1,1,0,1,0,0,0,0,1,1,0,0,0,0,0,0
6949,747b98f5b9a90cabcc4ac3ff2840fb46,0,1,1,0,1,1,1,0,0,0,0,0,0,0,0,0,1,0,0,0,0,0,0
6959,74b4605360487e1fd352f818a7f28129,0,1,1,0,1,1,1,1,0,0,0,0,0,0,0,0,0,0,0,0,0,0,0
6973,74bd56df483092f61846d1ebd02b2536,0,1,1,1,1,1,1,0,1,0,1,0,0,0,0,0,0,0,0,0,0,0,0
6982,7520b85fc31f422a5f6531ec8004bf94,0,1,1,1,1,1,1,1,0,0,0,0,0,0,0,0,0,0,0,0,0,0,0
6990,75c4f78f115de72ae4a0d456d03f7529,0,1,1,0,1,0,1,0,0,0,0,0,0,0,0,0,0,0,0,0,0,0,0
6994,760a8cfc450157aaeaa91a6ec90a9230,1,0,0,1,0,1,0,1,1,0,1,0,0,0,0,1,0,0,1,0,0,0,0
7012,767d72bd1c8727eb968a3c4c454b2441,0,0,0,1,0,1,0,1,0,0,0,0,0,0,0,0,1,0,0,0,0,0,0
7017,769ddb400388cd7c986ef46d4bdcf124,0,0,1,0,0,1,1,1,0,0,0,0,0,0,0,0,0,0,0,0,0,0,0
7021,769e151ca90161c3fabb9201fef80d1a,0,1,1,0,1,0,1,0,0,0,0,0,0,0,0,0,0,0,0,0,0,0,0
7025,76fe70e7bdbb37ae744fce3af3dce538,0,1,1,0,1,1,1,0,0,0,0,1,0,0,0,0,0,0,0,0,0,0,0
7033,778645be9653b2f7a43ac7f0c7811fcc,0,0,0,0,0,1,0,0,0,0,0,0,0,0,0,0,0,0,0,0,0,0,0
7036,778db99f685b5fa7e8ab7fe0ca3b04b2,0,1,1,0,1,1,1,1,0,0,0,0,0,0,0,0,1,0,0,0,0,0,0
7049,778debf52fcae3fbb12a48895458de51,0,1,1,1,1,0,1,1,0,0,0,0,0,0,0,0,0,0,0,0,0,0,0
7055,780942ac87621f10088d6a48fd3e1e6c,0,1,1,1,1,0,1,0,0,0,0,0,0,0,0,1,0,0,0,0,0,0,0
7062,7812c9accce8c30ca1f476f9bcf64914,0,1,1,0,1,0,1,0,1,0,0,0,0,0,0,0,0,0,0,0,0,0,0
7067,785f2edf4f847733164fd462c1e53eed,0,1,1,0,1,0,1,1,0,0,0,1,0,0,0,0,0,0,0,0,0,0,0
7075,786a751a12adb8e6f424e522319e1231,0,1,1,1,1,0,0,1,0,0,0,0,0,0,0,0,0,0,0,0,0,0,0
7081,788e35267ab5e0cc35b8e725259bb39a,0,0,0,0,0,1,0,1,0,0,0,0,0,0,0,0,0,0,0,0,0,0,0
7095,78f13526411c5a1aa4db7aaaa7fe853f,0,1,1,1,1,0,1,0,1,1,1,0,0,1,1,1,1,0,0,0,0,0,0
7112,7938947afcc7548697b95f5a6239ebb0,0,1,1,1,0,0,1,0,0,1,0,1,0,0,0,0,0,0,0,0,0,0,0
7119,79bcd342e50f3d187104aa2849b51375,1,1,1,1,1,1,1,1,1,0,1,0,0,0,1,1,0,1,1,0,0,0,0
7142,79f8cf6ce571f244b48b0d9132fc168b,0,1,1,1,1,0,1,0,1,0,1,0,0,1,1,1,0,0,0,0,0,0,0
7168,7aa38e21f89ff1055e61790c4dee4085,0,1,1,0,1,0,1,0,0,0,0,0,0,0,0,1,1,0,0,0,0,0,0
7175,7b16286bd9dc0c70b946686e2acdf469,0,1,1,0,1,0,1,0,0,0,0,0,0,0,1,1,0,1,0,1,0,0,0
7184,7b86433951831429fc9a935625c31f77,0,1,1,1,1,0,1,1,0,0,0,0,0,0,0,0,0,0,0,0,0,0,0
7261,7c172280a985eae7ad5b90b4977cae01,1,1,1,1,1,0,1,1,1,0,1,0,0,0,1,1,0,0,0,0,0,0,0
7279,7ca83bec7b758eaa006f3b6fdb3bd2a5,1,1,1,0,1,1,1,0,0,0,0,0,0,0,0,1,0,0,0,0,0,0,0
7287,7e17829428af94540036cd0c32451b61,0,1,1,1,1,0,1,1,1,0,1,0,0,0,0,0,0,0,0,0,0,0,0
7304,7e21c83d1a2ad5c1cddd599478467a89,0,1,1,1,1,0,1,1,0,0,0,0,0,0,0,1,0,0,0,0,0,0,0
7312,7ec7d876fc0b0a266f0bbe7f1e086f16,1,1,1,1,1,1,1,0,1,0,1,0,0,0,1,1,0,1,1,0,0,0,0
7329,7f132284f2c53ef1d6c3b63f97a15bde,1,1,1,0,1,0,1,0,0,0,1,0,1,0,0,1,0,0,1,0,0,0,0
7340,80584b0d93d611a6fe7778907d7df02c,1,1,1,1,1,0,1,0,1,0,1,0,0,0,1,1,0,1,1,0,0,0,0
7362,807a38fcff8eb664c9ffb059bd89bc35,0,1,1,1,1,0,1,1,1,0,1,0,0,0,1,1,0,0,0,0,0,0,0
7384,80db5265ec07c224f0f32e53e1cad09b,0,1,1,0,1,0,1,1,0,0,0,0,0,0,0,0,0,0,0,0,0,0,0
7389,81d7b7d89e06767d80a1aba25e4e3609,0,1,1,1,1,0,1,1,1,0,1,0,0,0,1,0,0,0,0,1,0,0,0
7401,821444cb337f85c41d9c4f1f057a26fc,1,1,1,1,1,0,1,0,1,1,1,0,0,0,1,1,0,0,1,0,0,0,0
7429,821abef4e323933a74c6bed01a7b89a2,0,1,1,1,1,1,1,1,0,1,0,1,0,0,0,1,0,0,0,0,0,0,0
7445,829ecc5ca524bdfcfe1b1e7f21d1f9c7,1,1,1,0,1,0,1,1,1,0,1,0,0,0,0,1,1,0,1,0,0,0,0
7473,82c17d120e9b1a59dfc39c7d3bd81f3c,1,0,0,0,0,0,0,0,1,0,1,0,0,0,0,1,0,0,0,0,0,0,0
7478,82e7a8b7a900896b582e98b1fc8e3367,0,1,1,1,0,0,1,0,0,0,0,0,0,0,0,0,1,0,0,0,0,0,0
7483,8314aa5b02faee1547c149df74112729,0,1,1,1,1,1,1,1,0,1,0,0,0,0,0,0,0,0,0,0,0,0,0
7505,831944d3be354b35c7f47854d72096bd,0,1,1,0,1,0,1,0,0,0,0,0,0,0,0,1,0,0,0,0,0,0,0
7510,833489856a3cc8840d47a2c1cadda36d,0,1,1,0,1,0,1,0,0,0,0,0,0,0,0,0,0,0,0,0,0,0,0
7514,835cd46f88d2757fa3551ee0acf12b45,0,1,1,0,1,0,1,0,0,0,0,0,0,0,0,0,0,1,0,0,0,0,0
7519,838d4f113bf9bc1edf7d845f7c2dc43e,0,1,1,1,1,0,1,1,0,0,0,0,0,0,0,1,0,0,0,0,0,0,0
7534,83cf5f5241e85c4250279a9e47c140ba,1,1,1,1,1,0,1,0,1,0,1,1,0,0,0,0,1,1,1,0,0,0,0
7550,83d8dd0b91a9ac1e25dc3a3989559c05,1,1,1,0,1,0,1,0,0,0,0,0,0,0,0,1,1,1,0,0,0,0,0
7559,841814b648257ddd7ade91f17bd78301,0,1,1,0,1,0,1,0,0,0,0,0,0,0,0,0,0,0,0,0,0,0,0
7563,845035ae3fc96723b46369623ec6ba51,0,0,0,1,0,1,0,1,1,0,0,1,0,0,1,1,1,0,0,0,0,0,0
7669,848a6eee7f07a2cc1059605b691c4283,1,1,0,1,1,0,1,0,1,0,1,0,0,0,0,1,0,0,1,0,0,0,0
7683,84cb771d0fc432151d11d6e7a40ee0d1,0,1,1,1,1,1,1,1,0,0,0,0,0,0,0,1,0,0,0,0,0,0,0
7711,84e6a179f99783cbeeacf7937377cb50,0,1,1,0,1,0,1,1,0,0,0,0,0,0,0,0,0,0,0,0,0,0,0
7716,8516a2ec257c9f23d92c7e31fbdd7513,0,1,1,0,1,0,1,1,0,0,0,0,1,0,0,0,0,0,0,0,0,0,0
7722,85ecbdf860da503c0690c9075206d1e8,0,0,0,1,0,1,0,0,0,1,0,0,0,0,0,0,0,0,0,0,0,0,0
7725,86b9a058b3c7868069082bcb3ed25ef4,1,1,1,0,1,0,1,1,1,0,1,0,0,0,1,1,0,0,0,0,0,0,0
7750,871e8c260d34f08f6d357f02155d3843,0,1,1,0,1,0,1,0,0,0,0,0,0,0,1,1,0,0,0,0,0,0,0
7756,8737985b55e9d3e859bdd9d52a123db4,0,1,1,0,1,1,1,1,0,0,0,0,0,0,0,0,0,0,0,0,0,0,0
7764,8778571a0790a8695a3e4d702962938b,0,1,1,0,1,0,1,1,0,1,0,0,0,0,1,0,1,0,0,0,0,0,0
7786,87d447e36b196fb02624aa4af154048f,1,1,1,0,1,0,1,0,1,1,1,0,0,0,0,0,0,0,0,0,0,0,0
7795,87e610862504ba1b10aac5138bb8cd01,0,1,1,0,1,1,1,1,0,0,0,0,0,0,1,1,0,0,0,1,0,0,0
7810,87f1b1447b0ddaff0fa63cddbe85f4e7,1,1,1,0,0,0,1,0,0,1,1,1,0,0,0,0,1,0,1,0,0,0,0
7819,89006c21dbd57e1618ebffb65d145450,1,1,1,1,1,0,1,0,1,0,1,0,0,0,0,1,0,0,0,0,0,0,0
7832,891f5d37673b8b91eaf4e3bb8d111f43,0,1,1,0,1,0,1,1,0,0,0,1,0,0,0,0,1,0,0,0,0,0,0
7839,893a0c4f0f803966e27b255f00a71103,0,1,1,0,1,0,1,1,0,0,0,1,0,0,0,0,0,1,0,0,0,0,0
7854,893dfa8dfcb3aa9a632e79ccff6f4584,1,1,1,0,1,0,1,0,1,1,1,1,0,0,1,1,1,1,0,0,0,0,0
7868,899c9d3d21039b01a2bbe63211cdbed0,0,1,1,0,1,0,1,0,0,0,0,0,0,0,0,0,0,1,0,0,0,0,0
7873,89bf8ed9af86f1e2ada66180b4cc1d95,1,1,1,1,1,0,1,1,0,0,1,0,0,0,0,1,0,1,0,0,0,0,0
7889,8a0638b2adda33ceaa61aa261a66a3ed,0,1,1,0,1,0,1,0,0,0,0,0,0,0,0,0,0,0,0,0,0,0,0
7893,8a0fc920b6ce0011db19bed1c3ebaa35,1,1,1,1,1,0,1,1,1,1,1,1,1,1,1,1,0,0,0,1,0,0,0
7929,8a363411a5e4e2cdeebf01095b156ee4,1,1,1,1,1,0,1,1,1,1,1,0,0,0,1,1,0,0,0,1,0,0,0
7986,8a54ae2d2fc297f61a63443d4f070869,1,1,1,1,1,0,1,1,1,0,1,0,0,0,1,0,0,0,0,0,0,0,0
8002,8b0532c4cf4086d43f2c1bcbeeb945a3,0,1,1,1,1,1,1,1,0,0,0,1,0,0,1,1,0,0,0,0,0,0,0
8034,8c8e15a30bee4f2f38197c2fae342d79,0,1,1,0,1,0,1,1,0,0,0,0,0,0,0,0,0,0,0,0,0,0,0
8041,8ca5d6fc5af82174a484ba6dc7ff6fc6,0,1,1,1,1,1,1,0,1,0,0,1,0,0,0,0,0,0,0,0,0,0,0
8050,8cd1768507df583eeb41be4549cfc6f2,0,0,1,0,0,1,0,0,0,0,0,0,0,0,0,0,0,0,0,0,0,0,0
8052,8cf789a4f14413c7ac58d3b6e8442cd0,1,1,1,0,1,1,1,1,1,0,1,0,0,0,0,0,0,0,0,0,0,0,0
8062,8d23cbbdc5e6d68c0a181cee6fab677d,0,1,1,0,1,0,1,0,1,0,1,0,0,0,0,0,0,0,0,0,0,0,0
8068,8dcec6fa577495987c95c2ea82c70bb8,0,1,1,0,1,0,1,0,1,0,1,0,0,0,0,0,0,1,0,0,0,0,0
8076,8e2262cfc8f1d56eb15b7946793e6267,0,1,1,0,1,0,1,0,0,1,0,0,0,0,0,0,0,0,0,0,0,0,0
8081,8e41dac4313f80f2dd619b3de9159a28,1,1,1,0,1,0,1,0,0,0,1,0,0,0,0,1,0,0,0,0,0,0,0
8089,8e5425243cd74edecf4c042b9a3fc52e,0,1,1,0,1,0,1,0,0,0,0,0,0,0,0,1,0,0,0,0,0,0,0
8094,8e5ac6b0656d946a0e8b7d959a9f1926,0,1,1,0,1,0,1,0,0,0,0,0,0,0,0,0,0,1,0,0,0,0,0
8099,8ed5fab9fe953b0224c4eece466ec4f3,1,1,1,1,1,0,1,1,1,0,1,0,0,0,1,1,0,0,0,1,0,0,0
8119,8f101b4972c3d1054470ae652f28e189,0,1,1,1,1,1,1,1,0,0,0,0,0,0,1,0,0,0,0,0,0,0,0
8147,8f2cf06465717d43a9e467baaf510feb,1,1,1,1,1,0,1,1,1,0,1,1,0,0,0,1,0,0,0,0,0,0,0
8171,8fac691a54a01547b5deaf8842d7b518,1,1,1,1,1,1,1,1,1,0,1,0,1,0,1,1,0,0,0,0,0,0,0
8228,8fe7fdfe5927e748a5f6d656228249a1,0,1,1,0,1,1,1,1,0,0,0,0,0,0,0,0,0,0,0,0,0,0,0
8238,8fef4cff78648d43297da347074a3e24,0,1,1,0,1,1,1,0,0,1,0,0,0,0,0,0,0,0,0,0,0,0,0
8244,909a16b970adfbd89fcb845f8e12d230,1,1,1,1,1,0,1,1,0,0,0,0,0,0,0,1,0,0,0,0,0,0,0
8286,90b81ad483767f4b2151e5c7edeb27d0,0,1,1,0,1,1,1,0,0,1,0,0,0,0,0,0,0,0,0,0,0,0,0
8292,915e47f102eca5afb029fa69daea279f,0,1,1,0,1,0,1,0,0,0,0,0,0,0,0,0,0,0,0,0,0,0,0
8296,91a25edc35593c212e41f248fd113f09,0,1,1,1,1,0,1,1,0,0,0,0,0,0,0,1,0,0,0,0,0,0,0
8308,91ae383082136af9dd18daba9b401160,0,1,1,0,1,1,1,1,0,0,0,0,0,0,0,1,0,0,0,0,0,0,0
8315,91f561fce4a13388d4ab0a2996cb56f0,0,1,1,0,1,0,1,0,0,1,0,0,0,0,0,0,0,1,0,0,0,0,0
8322,92124dfad792c0fc6ed888640097b6ae,1,1,1,1,1,0,1,1,1,0,1,0,0,0,1,1,0,1,0,1,0,0,0
8374,925126d4e7d3d24ed3ba9f1c01474e29,0,1,1,1,1,0,0,1,1,0,1,0,0,0,1,1,0,0,0,1,0,0,0
8403,93715f94afb115c516d12c1937b4f1d7,0,1,1,1,1,1,1,1,0,0,0,0,0,0,1,1,1,0,0,0,0,0,0
8440,938c8fcc39db7c208cfec1ec968deea6,0,1,1,1,1,0,1,0,0,0,0,0,0,0,0,0,0,0,0,0,0,0,0
8445,940a010cd7c27c56d1b137e3126587de,0,1,1,0,1,0,1,0,0,0,0,1,0,0,0,0,0,0,0,0,0,0,0
8450,943fef8be6868271d6c55274eb9a4ce1,0,1,1,1,1,0,1,0,0,0,0,0,0,0,1,1,0,0,0,0,0,0,0
8466,949adc6cf6c2ad975f24463f2f958def,0,1,1,1,1,0,1,0,0,0,0,0,0,0,0,0,0,0,0,0,0,0,0
8472,951ee6711c16d33ab61db1df9ad9d5ca,0,1,1,0,1,1,1,0,0,0,0,1,0,0,0,0,1,0,0,0,0,0,0
8480,9534a9f95ed14544617afd68468e1d2e,1,1,1,1,1,0,1,1,1,0,1,0,0,0,0,1,0,1,0,0,0,0,0
8495,953b6b4027970736b3fbb1cb4829ea9e,1,1,1,1,1,0,1,1,1,1,1,0,1,0,0,1,1,1,0,0,0,0,0
8628,95a99ca6cfc652200e1deba19d44d230,0,1,1,0,1,0,1,1,1,0,1,0,0,0,1,1,0,0,0,0,0,0,0
8637,95bf9c7b6b06874f4179f4c7abd37f63,0,1,1,1,1,1,1,1,0,0,0,1,0,0,0,1,0,0,0,0,0,0,0
8659,95e7c959d7d39be0a965e9e315906fed,0,1,1,1,1,1,1,1,1,0,1,0,0,0,1,1,0,0,0,1,0,0,0
8890,962e8caab527a3d2933c1b2571eed65d,0,1,1,0,0,0,1,0,0,0,0,1,0,0,0,0,0,0,0,0,0,0,0
8895,96b279023bfc0100152a907e8c69ca93,0,1,1,0,1,1,1,0,0,0,0,0,0,0,0,1,0,0,0,0,0,0,0
8901,96e26d4099aa474043dec9611cd4c408,0,1,1,0,1,0,1,1,0,0,0,0,1,0,1,1,1,0,0,0,0,0,0
8994,96efc98b55ee2ccad65b96d710e18b60,0,1,1,1,1,1,0,0,1,0,1,0,0,0,1,1,1,0,0,0,0,0,0
9017,97002179379ab40ceb28877c0c2a51eb,0,1,1,0,1,0,1,0,0,0,0,0,0,0,0,0,0,0,0,0,0,0,0
9021,9707b182a5df0491c59e62fca2b1f021,0,1,1,1,1,0,1,1,1,0,1,0,0,0,0,0,0,0,0,0,0,0,0
9037,981a5f2842f0ddcdd6065b13ba302662,0,1,1,0,1,0,1,0,0,1,0,1,1,0,0,0,0,0,0,0,0,0,0
9046,9843952528b0c5befa672d946c48f801,0,1,1,1,1,0,1,0,1,1,1,1,0,0,0,1,1,0,0,0,0,0,0
9065,98bdf70a4fc9c54661f32cca33f08816,0,1,1,0,1,0,1,0,0,0,0,0,0,0,0,0,0,0,0,0,0,0,0
9073,98fc4ef6c366be459ff541fafa558acc,0,1,1,1,1,0,1,1,1,0,0,0,0,0,0,0,0,0,0,0,0,0,0
9086,993319752a12d6cdfd1b877c0a410981,0,1,1,0,1,0,1,0,1,1,1,1,0,0,0,1,0,0,0,0,0,0,0
9099,99ef82d30ca5bac301e2ccc9af9c2dde,0,1,1,0,1,0,1,1,0,0,0,0,0,0,0,0,0,0,0,0,0,0,0
9106,9a3cb015b64e79f0d956be0e570ffb24,0,1,0,1,0,1,0,1,1,0,1,0,0,0,1,1,1,0,0,0,0,0,0
9229,9a52cf418ad2a4261777f64bb60dd365,0,0,0,1,0,1,0,1,0,1,0,0,0,0,0,1,0,0,0,0,0,0,0
9353,9b19c0cc4a33ffdfe693957c48656c66,0,0,0,0,0,1,0,1,0,0,0,0,0,0,0,1,0,0,0,0,0,0,0
9559,9b2a689e53fadada7cfc6678bd6d3b8f,0,1,1,0,1,0,1,1,1,0,1,1,0,0,1,1,0,0,0,0,0,0,0
9575,9b6ca46b1ed001b16f781f7ce3eb9fbf,0,0,0,0,0,1,0,1,0,0,0,0,0,0,0,1,0,0,0,0,0,0,0
9581,9ba8511fc2b376c071807733975a0c6b,0,1,1,0,1,0,1,1,0,0,0,1,0,0,0,0,0,0,0,0,0,0,0
9587,9bcb96bbd74d6ff2935f5a0750c74d0a,1,1,1,0,1,0,1,1,0,0,0,0,0,0,0,0,1,0,0,0,0,0,0
9594,9c00b5f662b4135c2c5a40321591604d,0,1,1,1,1,0,1,1,1,1,1,0,0,0,0,1,0,0,0,0,0,0,0
9649,9c02dc262d403927b3e0c78ff498fa38,1,1,1,0,1,0,1,0,1,1,1,1,0,0,0,0,0,0,0,0,0,0,0
9663,9c8895003fc345d609d3e3eb14d64a81,0,1,1,1,1,0,1,1,1,0,1,1,0,0,1,1,0,0,0,0,0,0,0
9781,9c8ff5be1f338695ae9cfaf71825c1b7,0,1,1,1,1,0,1,1,0,0,0,0,0,0,0,1,0,0,0,0,0,0,0
9847,9cd6435dd8746424fa9ec666d404eefc,0,1,1,0,1,0,1,0,1,0,1,0,0,0,0,0,0,0,0,0,0,0,0
9861,9eff5e97f0d2610860d51e66af22b913,0,1,1,0,1,0,1,0,0,0,0,1,0,0,0,0,0,0,0,0,0,0,0
9866,9fc04d9217ecbb735897430654b85ff9,0,1,1,1,1,0,1,1,1,0,0,0,0,0,0,1,0,0,0,0,0,0,0
9909,9feb663e008b9a8187ace8dbc2f7d6b4,0,1,1,0,0,0,1,0,1,1,1,0,0,0,1,0,1,0,0,0,0,0,0
9928,a116db43c30b3def840d39bcc0b4d771,0,1,1,1,1,1,1,1,0,0,0,0,1,0,0,0,0,0,0,0,0,0,0
9937,a15373c48e18ef687f8570ff1a2ea24f,1,0,0,1,0,1,0,0,0,0,1,0,0,0,0,1,0,0,0,0,0,0,0
9943,a15edc94ff08f36f2cee7d4ebef5a6a3,0,1,1,1,1,0,1,1,0,0,0,0,0,0,0,0,0,0,0,0,0,0,0
9951,a1ac89e45a6ecd464bda47f12d2ec349,1,1,1,1,1,0,1,1,0,0,0,0,0,0,1,1,1,0,1,1,0,0,0
10006,a1e30364fb437290e2ba9d40907b1e73,0,1,1,1,1,0,1,0,0,0,0,0,0,0,1,0,0,0,0,0,0,0,0
10012,a1eb5939a9b47d5e67cc8b03d28701e8,0,1,1,0,1,0,1,0,0,0,0,1,0,0,0,1,0,0,0,0,0,0,0
10018,a205accf7283253710380d5869f432fd,0,1,1,0,1,0,1,1,0,0,0,0,0,0,0,1,0,0,0,0,0,0,0
10028,a222ddadbb868f4cf420f234b8f289f5,0,1,1,0,1,0,1,0,0,0,0,0,0,0,0,0,0,0,0,0,0,0,0
10032,a22abda7a39d747ab674cd13224b375a,1,1,1,1,1,0,1,0,0,0,0,0,0,0,1,1,1,1,0,1,0,0,0
10067,a278d265aed003fd5b195de3ae6140f4,1,1,1,1,1,0,1,1,1,0,1,0,0,0,1,1,0,1,0,1,0,0,0
10118,a28996167bafacc3b8bb2faeac685426,0,1,1,1,1,0,1,1,0,0,0,1,0,0,1,1,0,0,0,0,0,0,0
10135,a2a8a4e98c233aa86d5b34de7ba6f1d3,0,1,1,0,1,0,1,1,1,1,0,1,0,0,0,0,0,0,0,0,0,0,0
10144,a2d02bb182e368c9841fc45bbea97ad5,0,0,1,0,0,1,0,0,0,0,0,0,0,0,0,0,0,0,0,0,0,0,0
10146,a2e02c36f2999fdcd0f43c7d236f8b98,0,0,1,0,0,1,0,0,0,0,0,0,0,0,0,0,0,0,0,0,0,0,0
10148,a3159138ac8676774458788b908b13dc,1,1,1,1,1,0,1,1,1,0,1,1,0,0,1,1,0,0,0,0,0,0,0
10179,a36f9c3e8bcc3c6ac7ee75f9e08c1deb,1,1,1,1,1,0,1,1,1,1,1,1,0,0,0,1,1,0,1,0,0,0,0
10216,a3a6f7a1f0a696ba44ab1d2017d30ba6,1,1,1,1,1,0,1,1,0,0,0,0,1,0,0,1,0,0,0,0,0,0,0
10235,a3e37fd1d509e569750028160a11eef5,0,1,1,0,1,0,1,1,0,0,0,0,0,0,0,0,0,0,0,0,0,0,0
10240,a46e221406b41ce7511ca74b32e9c884,0,1,1,1,1,0,1,1,1,0,1,0,0,0,1,1,0,0,0,0,0,0,0
10255,a4933d8ad8fe82f84a8edc1cd10b7863,1,1,1,1,1,0,1,1,1,0,1,1,1,0,1,1,1,0,0,0,0,0,0
10310,a4ac16a65dd32ee634dcf47c41a26f3f,0,1,1,1,1,1,1,1,0,0,0,0,0,0,0,0,0,0,0,0,0,0,0
10338,a528cce04679dc6316925041fda7db8e,1,1,1,1,1,0,1,0,1,0,1,0,0,0,0,0,1,0,1,0,0,0,0
10350,a529249c937ee94029cde7d9de5493b7,1,0,0,0,0,1,0,0,1,0,1,0,0,0,0,1,1,0,1,0,0,0,0
10373,a54cc0eaca2cd4f351fa8f971495e963,1,1,1,0,1,0,1,0,1,0,1,0,0,0,1,1,0,0,0,0,0,0,0
10403,a5607dfe49110ac2a5deb0c90e7d29c7,1,1,1,1,1,0,1,0,1,0,1,0,1,0,1,1,0,0,0,0,0,0,0
10414,a57271a537989e14ffb371af0dfd43e7,0,0,0,0,0,1,0,0,1,0,0,0,0,0,0,1,0,0,0,0,0,0,0
10419,a573b9eb99f9740d70a649f5c70b4bbc,0,1,1,0,1,0,1,0,1,0,1,0,1,0,0,0,0,0,0,0,0,0,0
10428,a59e4025c1bb226294c748d3f035ce2d,0,1,1,1,1,1,1,0,1,0,1,0,0,0,0,1,0,0,0,0,0,0,0
10443,a6817108396d1fa6a480424ed8a07c41,1,1,1,1,1,0,1,1,1,0,1,0,0,0,0,1,1,0,0,0,0,0,0
10472,a809f5b548d95345ae4a22fcfe23eece,0,1,1,0,0,0,1,0,0,0,0,0,0,1,0,0,0,0,0,0,0,0,0
10476,a835f1a442774369304654640c4d3281,0,0,0,0,0,1,0,0,0,0,0,0,0,0,0,0,0,0,0,0,0,0,0
10479,a8a450678cb10862acf4cd3f668e8ad5,0,1,1,1,1,1,1,1,0,0,0,0,0,0,0,1,1,0,0,0,0,0,0
10565,a95a99c3c419db1a6537e72e90de212e,0,1,1,1,1,0,1,0,0,0,0,0,1,0,0,0,0,1,0,0,0,0,0
10573,a99c81d9b8429d447fb7bf10f0303778,0,1,1,0,1,0,1,0,0,0,0,0,0,0,0,0,0,0,0,0,0,0,0
10577,aabfc194d13a045e54743cff0bce595b,0,1,1,1,1,0,1,1,0,0,0,0,1,0,0,1,0,0,0,0,0,0,0
10591,aafa71d20b762d550d154efdb185da18,0,1,1,0,1,0,1,0,0,0,0,0,1,0,0,0,0,0,0,0,0,0,0
10596,ab48659559affb5671813091c363e359,1,1,1,0,1,0,1,0,1,0,1,0,0,0,0,1,0,0,1,0,0,0,0
10609,ac5068a8a165582a1d4bb992527ae5a4,1,1,1,1,1,0,1,1,0,0,0,1,0,0,1,1,1,0,0,0,0,0,0
10626,acd0b647e95e1f0f2084112aca0dd532,1,1,1,1,1,0,1,0,0,0,1,0,0,0,0,1,0,0,0,0,0,0,0
10635,acf1abb850407601161e55306a3753b3,0,0,0,0,0,1,0,0,0,0,0,0,0,0,0,0,0,0,0,0,0,0,0
10636,adf1d29908cb27b2309ad29240e9ad3d,1,1,1,1,1,0,1,1,1,0,1,0,0,0,0,1,0,0,0,0,0,0,0
10669,ae526acc2dd2451740108d04ccd95b17,0,1,1,0,1,0,1,1,0,0,0,1,0,0,0,0,0,1,0,0,0,0,0
10677,ae932c52b76c8deb61f8555f64d38490,0,1,1,1,1,0,1,1,0,0,0,0,0,0,0,1,0,1,0,0,0,0,0
10716,aebaf73ed9f8878183d0947eab2d34c5,0,1,1,1,1,0,1,1,1,1,1,1,0,0,1,1,0,1,0,0,0,0,0
10763,af0747383988dcf94429e92fbe10ebce,0,1,1,1,1,0,1,0,1,0,1,1,1,0,0,0,0,0,0,0,0,0,0
10775,af72cc03509045536d463317e73ee425,0,1,1,0,1,0,1,0,0,0,0,0,0,0,0,1,0,0,0,0,0,0,0
10780,afa1317dfa7054ecf957cbd5558084f9,0,1,1,1,1,0,1,1,0,0,0,0,0,0,0,1,1,0,0,0,0,0,0
10826,aff59a6c7c73003a5a0c8d3ee7e3ca44,1,1,1,0,1,0,1,0,0,0,0,0,0,0,1,1,0,1,0,1,0,0,0
10836,b06593178ee0dfe4cc2d8d96659faffb,0,1,1,0,1,0,1,0,0,0,0,0,0,0,0,0,0,0,0,0,0,0,0
10840,b0a4d2c2cbc1e93893bed7df8c016b39,0,1,1,1,1,0,1,1,0,0,0,1,0,0,0,0,0,0,0,0,0,0,0
10853,b0bfd7164148dd944048762123e4d559,0,1,1,1,1,0,1,0,1,0,1,0,0,0,1,1,1,0,0,1,0,0,0
10871,b1179912740624ef86d49a2036152f94,0,1,1,1,0,0,1,0,0,0,0,1,0,0,0,0,0,0,0,0,0,0,0
10877,b14a194939b3ac8b4808461c9a08f4fc,1,1,1,0,1,0,1,0,1,0,1,0,0,0,0,0,0,0,0,0,0,0,0
10887,b1597273915d78f7c0bcac794e26c5ae,0,1,1,0,1,0,1,0,0,0,0,1,0,0,0,0,0,0,0,0,0,0,0
10892,b162bd63a2e2de93af6f8b5b70fbed95,0,0,0,1,0,1,0,1,0,0,0,0,0,0,0,1,0,0,0,0,0,0,0
10900,b1e48dbcb3e6f3e05691df041028e448,0,1,1,0,1,0,1,0,0,0,0,0,0,0,0,0,0,0,0,0,0,0,0
10904,b2368b598c04638b93d2d2791b6d91a0,1,1,1,1,1,0,1,0,1,0,1,0,0,0,0,1,0,0,0,0,0,0,0
10914,b288242d86302c56eb49562a7d73a5f2,1,0,0,1,0,0,0,0,1,0,1,0,0,0,1,1,1,0,0,0,0,0,0
10926,b28cc231d9fd8bb6f4ab272c053c9943,1,1,1,0,0,0,1,0,1,0,1,1,0,0,0,0,0,0,0,0,0,0,0
10934,b3120c57d714e776f048836d64cfafcd,0,1,1,0,1,1,1,1,0,0,0,0,0,0,0,0,0,0,0,0,0,0,0
10944,b334629b3615e3195cc8e052bf3d7c9e,0,1,1,0,1,0,1,1,1,0,1,1,0,0,0,0,0,0,0,0,0,0,0
10953,b35a523f52bff829684992950147b96d,0,0,0,0,0,1,0,1,0,0,0,0,0,0,0,0,0,0,0,0,0,0,0
10955,b3b25e224b961d410151a64011aff345,0,1,1,1,1,0,1,1,0,0,0,1,0,0,1,1,0,0,0,0,0,0,0
11012,b4135513e6b833207675123cd72d8e38,1,1,1,1,1,0,1,1,1,1,1,1,0,0,0,0,0,0,0,0,0,0,0
11030,b474fa09bfe5955f4f71513a9dca6540,0,1,1,0,1,1,1,1,0,0,0,0,0,0,1,0,0,0,0,0,0,0,0
11039,b5784c46e8e323386dd25b2ae45d0d75,0,1,1,0,1,0,1,0,0,0,0,1,0,0,1,1,0,0,0,0,0,0,0
11048,b58466f0302ba0e51063a9711f153e51,0,1,1,1,1,1,1,1,0,0,0,1,0,0,1,0,0,0,0,0,0,0,0
11065,b5ba580a2d9cad0bf0dd26cb40edbebc,0,0,0,1,0,1,0,1,0,0,0,0,0,0,0,1,0,0,0,0,0,0,0
11116,b5dd3506c3678f169c52811c9307ab92,0,1,1,1,1,0,1,0,1,1,0,1,0,0,1,1,0,0,0,0,0,0,0
11129,b701f724e2c62d8adbaa7da3cb1d23c6,1,1,1,1,1,0,1,0,1,1,1,1,0,0,1,1,1,0,1,0,0,0,0
11156,b75ab0264a9478dc6e2638acc7d22394,0,1,1,0,1,1,1,0,0,0,0,0,0,0,0,1,0,1,0,0,0,0,0
11163,b761b8124df0bb6112805d1a39a580f0,0,1,1,0,1,1,1,0,0,0,0,0,0,0,0,0,1,1,0,0,0,0,0
11171,b79bfee22a00c06d0bcabfd9c8b76298,0,1,1,0,1,0,1,0,0,0,0,0,0,0,0,0,0,0,0,0,0,0,0
11175,b7d310e44eb24665272181551391de58,0,1,1,0,1,0,1,1,0,0,0,0,0,0,0,0,0,0,0,0,0,0,0
11200,b87680fcd7591ef94bcb007279bb21b3,0,1,1,1,1,1,0,0,0,0,0,0,0,0,1,1,0,0,0,0,0,0,0
11213,b8c3c2fbd0d6a79bb89323ac179d4b5d,0,1,1,1,1,0,1,0,1,0,1,0,0,0,0,1,0,0,0,0,0,0,0
11223,b8cdde221aae75d37c0996c030e05521,0,0,0,0,0,1,0,1,0,0,0,0,0,0,0,0,0,0,0,0,0,0,0
11259,b8e336d9a73a809c602c7021bf14e4df,0,1,1,0,1,0,1,1,0,0,0,0,0,0,0,0,0,0,0,0,0,0,0
11265,b8e961a8d50bec813d12423741e2e188,1,0,0,1,0,0,0,0,1,0,1,0,0,0,0,0,0,0,0,0,0,0,0
11269,b994cb4bd37003a83b9947b793f80398,0,1,1,0,1,0,1,1,0,0,0,1,0,0,0,0,0,0,0,0,0,0,0
11304,ba5d99c38c15a90679cfcd708a01aba2,0,1,1,0,0,0,1,0,0,0,0,1,0,0,0,0,0,0,0,0,0,1,0
11310,bab61fbbec6c89de424e5f713401b195,0,1,1,1,1,0,1,0,1,0,0,0,1,0,1,0,0,0,0,0,0,0,0
11320,bb35dd1dfe0fcead9f5c5b0b3b9829dd,1,0,0,0,0,0,0,0,0,0,1,0,0,0,0,0,0,0,0,0,0,0,0
11324,bbd81df0ff701b061fabe28619003465,0,0,0,0,0,1,0,1,0,1,0,0,0,0,1,1,0,0,0,0,0,0,0
11333,bc43540f31f642f51570081a20177f57,0,1,1,1,1,0,1,1,1,0,1,0,0,0,0,1,0,0,0,0,0,0,0
11349,bc4721bb59f661841b95939cdb890eea,0,1,1,0,1,0,1,1,0,0,0,0,0,0,0,0,0,1,0,0,0,0,0
11356,bd8a568ac09eb8eb6507b92686bee52b,0,1,1,1,1,0,1,1,0,0,0,1,0,0,0,0,0,0,0,0,0,0,0
11366,bdec393e520e188e2fafa7c829c94000,0,1,1,0,1,1,1,1,1,0,1,0,0,0,0,0,0,0,0,0,0,0,0
11383,be111d2d44627a1806a1bb7290002298,0,1,1,0,1,0,1,0,0,0,0,1,0,0,0,0,0,0,0,0,0,0,0
11388,be4d8d331b7217e284c9736c58508e9a,1,0,0,0,0,0,0,1,0,0,0,0,0,0,0,0,0,0,0,0,0,0,0
11390,bea1a489fbc7415ecef9c4869a0a9c9b,1,1,1,0,1,0,1,1,1,1,1,1,0,0,0,0,0,0,0,0,0,0,0
11400,beba829454e49d5a2d89e42bc67f01c0,0,1,1,0,1,0,1,0,0,0,0,0,1,0,0,0,0,0,0,0,0,0,0
11406,bf09c5c7ec55abb5bb327817f0f115f5,0,1,1,0,1,1,1,0,0,0,0,0,0,0,1,0,0,0,0,0,0,0,0
11413,bf4db157734a34d96769fc23dc02afc7,0,1,1,1,1,0,1,0,0,0,0,0,1,0,0,0,0,0,0,0,0,0,0
11419,bfd5e9916d95a82d254be83c37ca9640,1,1,1,0,1,0,1,1,1,0,1,0,1,0,1,1,0,1,0,0,0,0,0
11437,bfd941328b8f1e73dab04a65fcbe2f95,0,1,1,1,1,0,1,1,1,0,1,1,0,0,0,1,1,1,0,0,0,0,0
11461,bff86ac907af955849b8a4c89734fe2e,1,0,0,0,0,0,0,1,1,0,1,0,0,0,0,1,1,0,0,0,0,0,0
11468,c003207d778544ae385fdd7decdb2793,1,1,1,0,1,0,1,0,1,0,1,0,0,0,0,1,0,0,1,0,0,0,0
11481,c0776d7c658e06a34689911c42f18794,0,1,1,1,1,0,1,1,1,0,0,1,0,0,0,1,0,0,0,0,0,0,0
11534,c07bbdfcd5f37268d77e5001da07af35,1,1,1,0,1,0,1,0,1,0,1,1,0,0,0,0,1,0,0,0,0,0,0
11543,c0909154a39c165b5929af72634e9a31,0,0,1,0,0,0,0,0,0,0,0,0,0,0,0,0,0,0,0,0,0,0,0
11544,c0b335a96362a29ff68937c13af2dce9,1,0,0,1,0,0,0,0,1,0,1,0,0,0,0,1,0,0,0,0,0,0,0
11555,c0b5d24cf149f2eca81332ead49a4108,1,1,1,1,1,1,1,1,1,0,1,0,0,0,0,1,0,0,0,0,0,0,0
11572,c0bb6a629e7187bf8648daf662b74524,1,1,1,0,1,0,1,1,1,0,1,0,0,0,0,1,0,1,0,0,0,0,0
11589,c0ce0b06f849d0a75dc3f2e69c87b0b6,1,1,1,1,1,0,1,1,1,0,1,1,0,0,1,1,1,0,1,0,0,0,0
11641,c1124288d115756e5e0215f7e5c9224c,1,1,1,1,1,0,1,1,1,0,1,0,0,0,0,1,0,0,0,0,0,0,0
11663,c17cb046db13d5e22aee9d5c1eaeb1ca,0,1,1,1,1,0,1,1,1,0,0,0,0,0,0,1,0,0,0,0,0,0,0
11677,c19ce293fc13c2bac4a88e330d452208,1,1,1,1,1,0,1,0,1,0,1,0,0,0,0,0,0,1,0,0,0,0,0
11689,c1a2ab14f6f771ed1f19c1f7afb65dfa,1,1,1,1,1,0,1,0,1,1,1,0,0,0,0,1,0,0,1,0,0,0,0
11705,c1e396da9a9a693deec0094807def3e8,1,1,1,0,1,0,1,0,0,1,1,1,0,0,0,1,0,0,0,0,0,0,0
11716,c26cfd644e50b42f674723b394e49cf6,0,1,1,1,1,0,1,1,1,0,1,0,0,0,1,1,0,0,0,0,0,0,0
11739,c32648d695ecdd1eb60864bd859b98cf,0,1,1,1,1,0,1,1,0,0,0,0,0,0,1,1,0,0,0,0,0,0,0
11749,c3908c0f0394e5425840574307a19d19,0,1,1,0,1,0,1,0,0,0,0,0,0,0,0,1,0,0,0,0,0,0,0
11754,c3b0c4059b672a1d443a996e0742cd2e,0,1,1,1,1,0,1,1,1,0,0,0,0,0,0,0,0,0,0,0,0,0,0
11766,c3b39b9ca838b10e13e86ddd5c91af7c,0,1,1,1,1,0,1,1,1,0,0,0,0,0,0,0,0,0,0,0,0,0,0
11784,c3c7c58523cf4c14bbd16e61b13d6575,1,1,1,1,0,0,1,0,1,0,0,1,0,1,0,1,0,1,0,0,0,0,0
11797,c3d3505329701091e6ffc9364eca0e4d,0,1,1,1,1,1,1,1,0,0,0,1,0,0,1,1,1,0,0,0,0,0,0
11813,c3f069232f632f488adf7d12bd85d1d8,1,1,1,0,1,0,1,0,1,0,1,0,0,0,0,1,0,0,1,0,0,0,0
11826,c54556dbb037662501bf2f938e6c9fd4,1,0,0,0,0,0,0,0,0,0,1,0,0,0,0,0,0,0,1,0,0,0,0
11831,c573aacfccf74edfc810630cdd7b3889,0,1,1,0,1,0,1,0,0,1,0,1,0,0,0,0,0,0,0,0,0,0,0
11837,c5b67b025370320e16d1ec4ee69c086d,0,1,1,1,1,0,1,0,1,0,1,0,0,0,1,1,1,0,0,0,0,0,0
11849,c67290d72ec2974aba0f3975c1773405,0,1,1,0,1,1,1,0,0,0,0,0,0,0,0,0,0,0,0,0,0,0,0
11854,c67bc949be8e2bc19bd5f1caab790d29,0,1,1,0,1,1,1,0,0,0,0,0,1,0,0,0,0,0,0,0,0,0,0
11861,c770656ba1992174f3b6619114830d16,1,1,1,1,1,0,1,0,1,0,1,0,0,0,0,0,0,0,0,0,0,0,0
11869,c7e2473c176ca8f144757691b7023c3f,0,1,1,1,1,0,1,0,0,1,0,0,0,0,0,0,0,0,0,0,0,0,0
11876,c86159d475d79be2703ff5c0802fe680,0,1,1,0,1,0,1,0,0,0,0,0,0,0,0,1,0,0,0,0,0,0,0
11881,c86c4c96e5377a9f5f1f48b8431346d8,1,1,1,1,1,0,1,0,1,0,1,1,0,1,1,1,0,0,0,1,0,0,0
11911,c88aebef8d6337c3ab4c04be6853976a,0,1,1,1,1,0,1,1,0,0,0,0,0,0,0,1,0,0,0,0,0,0,0
11925,c8d4d395f6b45f1ddd6ab9f29180f54a,0,0,0,1,0,1,0,1,0,0,0,0,0,0,0,0,1,0,0,0,0,0,0
11975,c952231e6ea12e2bdd6f735453422008,1,1,1,1,1,1,1,1,1,1,1,1,0,0,1,1,0,0,1,0,0,0,0
12034,ca50c21a87b9c1f8d8fced74ea09c584,0,1,1,1,1,0,1,0,0,0,0,0,0,0,0,0,1,0,0,0,0,0,0
12041,ca79374cbefb71b9bdfdc7151c0c5ccf,1,1,1,1,1,0,1,1,1,0,1,0,0,0,1,0,0,0,1,0,0,0,0
12075,cad88df3141ed87ecea0d485a4567161,0,0,1,0,0,0,1,0,0,0,0,0,0,0,0,0,0,0,0,0,0,0,0
12077,cb659619a5988a491e24422c1aae7dea,0,1,1,1,1,0,1,1,1,0,1,0,0,0,0,1,1,0,0,0,0,0,0
12110,cbe503bf7bfcfdf8b7d1315198e06313,1,1,1,0,1,0,1,0,0,0,1,0,0,0,0,0,0,0,0,0,0,0,0
12116,cccb821a913e3c02243aa05cd8b6544c,0,1,1,0,1,0,1,1,0,0,0,0,0,0,0,0,0,0,0,0,0,0,0
12122,ccfc868a3b67037fe3e90dfd1e867d2d,0,1,1,0,1,1,1,1,0,0,0,0,0,0,0,0,0,0,0,0,0,0,0
12131,cd1438144a68cb7599bae36706b5038c,0,1,1,1,1,1,1,0,0,0,0,0,0,0,0,1,1,0,0,0,0,0,0
12141,cd4e32833318c52890435bb93291a327,0,1,1,0,1,0,1,0,0,0,0,0,0,0,0,0,0,0,0,0,0,0,0
12145,cd56cddd5f11f001d50e30060ee78876,0,1,1,0,1,0,1,1,1,0,1,0,0,0,1,0,1,0,0,0,0,0,0
12160,cdb1d88be5d59a03e80c95d2a021f728,0,1,1,0,1,0,1,0,0,1,0,0,0,0,0,0,0,0,0,0,0,0,0
12165,ce0cf47f5afc08b5d23269d6d47768af,0,1,1,0,1,0,1,1,1,0,1,0,0,0,1,1,1,0,0,0,0,0,0
12179,ce1f9af4fb19ff87ef17e2ae6ff1a45a,0,1,1,1,1,1,1,1,0,1,0,0,0,0,1,1,0,0,0,0,0,0,0
12195,ce3e5edb71baee282433c98abd4e6bf3,1,1,1,1,1,0,1,0,1,0,1,0,0,0,0,1,0,0,1,0,0,0,0
12220,ce84e058130e085513f0455bc725865e,0,1,1,0,1,0,1,1,0,0,0,0,0,0,0,1,0,0,0,0,0,0,0
12431,cef3c13a885053350dd68b3ce64eddc7,1,1,1,0,1,0,1,0,1,0,1,0,0,0,0,1,0,0,1,0,0,0,0
12445,cfce0a2c5f3280e3249fdb2370a15200,0,1,1,1,1,0,1,1,1,1,1,1,0,0,1,1,0,0,0,1,0,0,0
12481,d04c4b4b8575810181130be5d134470a,0,0,0,0,0,1,0,0,0,0,0,0,0,0,0,0,0,0,0,0,0,0,0
12482,d09eae748c05c8e0fd699e34ac658304,0,1,1,0,1,0,1,0,0,0,0,1,0,0,1,0,0,0,0,0,0,0,0
12488,d112222b18819efd56f5861a1f602ed2,0,1,0,1,1,1,1,1,1,0,1,0,0,0,1,1,0,0,0,0,0,0,0
12504,d121af0252ddffd37c9cffe7ea9136e0,0,1,1,0,0,0,1,0,0,1,0,0,0,1,0,0,0,0,0,0,0,0,0
12509,d13cf0b65d1701596269c4000bf647b8,1,0,0,0,0,1,0,0,1,0,1,0,0,0,0,0,0,0,1,0,0,0,0
12514,d15bc6f8cb2eb545b92e49d1bcee7ed6,0,1,1,0,1,0,1,1,0,0,0,0,0,0,0,0,0,0,0,0,0,0,0
12523,d197ed66d9d7d56a95492fd6df0814c9,0,1,1,1,1,1,1,1,0,0,0,0,0,0,0,0,0,0,0,0,0,0,0
12534,d237ae5d89292fa9aaf6c0ac59d4ec58,0,1,1,1,1,1,1,1,1,1,0,0,0,0,1,1,0,0,0,0,0,0,0
12574,d263f69b765106b7790f098edb49f17b,1,1,1,1,0,1,0,0,1,0,1,0,0,0,1,1,1,0,0,0,0,0,0
12593,d29f9eabe3c60abf6285269dc49363cf,0,1,1,1,1,0,1,0,1,1,1,0,0,0,1,1,1,0,0,0,0,0,0
12617,d2c8e9fd8addde95536d13f61cbfb1cc,0,1,1,0,1,0,1,0,0,0,0,0,0,0,1,0,0,0,0,0,0,0,0
12622,d334b13bae115c3bad366d594fe3141d,0,1,1,0,1,0,1,0,0,0,0,0,0,0,0,0,0,0,0,0,0,0,0
12626,d33d34f46cf73763cd4af49ec35c8823,0,1,1,0,1,1,1,0,0,0,0,0,0,0,0,0,0,0,0,0,0,0,0
12631,d3d51e2fd28f62d02e93f3aae6179246,0,0,0,1,0,1,0,1,0,0,0,0,0,0,1,1,1,0,0,0,0,0,0
12644,d3d5ca7fb24dc0f4f3f2a04d31e684a3,0,1,1,0,1,0,1,0,0,0,0,0,0,0,0,0,0,0,0,0,0,0,0
12648,d3f7cb54e2f003e58da91be561668fff,0,1,1,0,1,1,1,1,0,0,0,0,0,0,1,1,0,0,0,0,0,0,0
12659,d450657f51b43efb8388edeb957effc2,1,1,1,1,1,0,1,1,0,0,1,0,0,0,0,1,0,0,0,0,0,0,0
12672,d45e2d7aff34467ca7abdf1331a5ad6e,0,1,1,1,1,1,1,1,0,0,0,0,0,0,0,1,0,0,0,0,0,0,0
12684,d545e0069a53fcc868e01726663cd449,1,1,1,0,1,0,1,1,1,0,0,0,0,0,1,1,0,1,0,0,0,0,0
12694,d5db42956fe1b7085365599f3937e0f8,0,0,0,0,0,1,0,1,0,0,0,0,0,0,0,1,0,0,0,0,0,0,0
12751,d6cdbb60e1b5db650a7202e55844ae14,1,0,0,1,0,0,0,1,1,0,1,0,0,0,1,1,0,0,0,0,0,0,0
12798,d71492286214a66398901a7ad5ac2db4,0,1,1,1,1,1,1,1,0,0,0,0,0,0,0,1,1,0,0,0,0,0,0
12817,d719aa7ad95c2a2443c319e9ab4f99e3,0,1,1,0,1,0,1,0,0,0,0,0,0,0,1,0,0,1,0,1,0,0,0
12827,d71fbdc7a3f3076709b6529a3cb78d03,1,1,1,1,1,0,1,1,1,0,1,0,0,0,0,1,0,0,0,0,0,0,0
12842,d75348c0146c91293112cdda226af9e3,0,1,1,1,1,0,1,1,0,0,0,0,0,0,0,0,0,1,0,0,0,0,0
12850,d7c4af4c0b35871fba7967ab56458584,1,1,1,1,1,0,1,0,0,0,1,0,0,0,1,1,0,0,1,0,0,0,0
12860,d7dc83b1c90f8c2432b09405039cc556,0,1,1,0,1,0,1,1,0,0,0,1,0,0,0,0,0,0,0,0,0,0,0
12868,d7e3e10cd20069ef853b759ae4910814,1,1,1,0,1,0,1,0,1,0,1,0,0,0,0,0,0,0,1,0,0,0,0
12880,d8a1cb4990bc3a63c5657bd9ae0334a8,1,1,1,1,1,0,1,0,1,0,1,0,0,0,1,1,0,1,0,0,0,0,0
12913,d97569a26b47b089e4ab0bce7012a12e,0,1,1,0,1,1,1,1,0,0,0,1,0,0,1,0,0,0,0,0,0,0,0
12928,d9aa520e805cb82fb8606d6e2f15278c,0,1,1,0,1,0,0,0,0,0,0,0,0,0,0,0,0,0,0,0,0,0,0
12931,da11b3720191b555d0c65e08a88334b1,1,1,1,1,1,0,1,0,1,0,1,1,0,0,0,0,0,0,1,0,0,0,0
12955,da5756ccf5b65b77a6fdf6bca5587f96,0,1,1,0,1,0,0,0,0,0,0,0,1,0,0,0,0,1,0,0,0,0,0
12963,db61a6c9d22f4fdab79d439095d667c5,1,1,1,1,1,0,1,0,1,0,1,0,0,0,0,1,0,0,1,0,0,0,0
12979,dc43c4c220c39edd707bd320a635c1cc,0,1,1,0,1,0,1,1,0,0,0,1,0,0,0,0,0,0,0,0,0,0,0
12989,dc6b9f0b51315d5c1d16df9dbe1b5195,0,1,1,0,1,0,1,0,0,0,0,1,0,0,0,0,0,0,0,0,0,0,0
12998,dcdf7b85f0df1d5a07098c8f3b623837,1,1,1,1,1,0,1,1,0,0,1,0,0,0,0,1,0,0,0,0,0,0,0
13007,dce57d89ddc943bb268e3a2bcd8b91c0,0,1,1,1,1,0,1,1,0,0,0,0,0,0,1,0,0,0,0,0,0,0,0
13021,dd05a78146115c9fedb48b48aa75e12f,0,1,1,0,1,1,1,1,1,0,0,0,0,0,0,1,0,1,0,0,0,0,0
13085,dd5fcfdf197c16b84046ea84c8687f7e,1,1,1,1,1,0,1,0,1,0,1,0,0,0,0,1,1,0,0,0,0,0,0
13108,dd67e2a1ebc249ec66f7db46e29bba02,0,0,0,1,0,1,0,1,0,0,0,0,0,0,1,0,0,0,0,0,0,0,0
13117,ddd4ccb36c4367289157d8870948b693,0,1,1,0,1,0,1,0,0,0,0,0,0,0,0,0,0,0,0,0,0,0,0
13122,ddfd6a4298e15df738efd4daa76403e4,1,0,0,1,0,0,0,1,1,0,1,0,0,0,0,1,0,0,0,0,0,0,0
13170,ded623087a5397c3b253bc9be270517b,0,0,0,1,0,1,0,1,0,0,0,0,0,0,1,0,1,0,0,1,0,0,0
13178,deda6cf730683fc85007ec28dc4fed7a,1,1,1,1,1,0,1,0,1,0,1,0,0,0,0,1,0,0,1,0,0,0,0
13191,dedc34e3710c317acd909fc4dcbe291c,1,1,1,1,0,0,1,0,1,1,1,0,0,0,0,0,1,0,1,0,0,0,0
13205,df797af774fbb5af2996ef32657b643a,1,1,1,0,0,0,1,0,0,1,0,0,0,1,0,1,0,0,0,0,0,0,0
13213,dfb5830b3673e11fcb8a83cad2cb8a5b,0,1,1,0,1,0,1,1,0,0,0,1,1,0,0,0,0,0,0,0,0,0,0
13222,dfbc6fa4f770c96c831e603b2ace0a97,0,1,1,1,1,0,1,1,1,0,1,0,1,0,1,1,0,0,0,0,0,0,0
13238,dfdd0c050e79fc5ad02384f4e1b8411c,1,1,1,0,1,0,1,0,1,0,1,0,0,0,0,0,0,0,1,0,0,0,0
13246,dff8b3ed17e463587d98dec905eb0b0e,1,1,1,0,1,0,1,1,1,0,1,0,1,0,0,1,0,0,0,0,0,0,0
13284,dfff4d710576db6b7a1382116f9668ca,0,1,1,0,1,1,1,0,0,0,0,1,0,0,0,0,0,0,0,0,0,0,0
13290,e18067187b24f5925c57486e23ff5abf,1,0,0,0,0,0,0,0,0,0,1,0,0,0,0,1,1,0,1,0,0,0,0
13295,e18974ecd1d0cd567da9caed5d3de411,0,1,1,1,1,0,1,1,0,0,0,0,0,0,0,0,1,0,0,0,0,0,0
13303,e19d6ae4dddbfe66a116e23703181ccd,1,1,1,0,1,0,0,0,1,0,1,1,0,0,0,0,0,0,0,0,0,0,0
13313,e1a8da767850912d5f68ed469f6260ac,0,1,1,1,1,0,1,0,1,0,1,0,0,0,0,1,0,0,0,0,0,0,0
13333,e22ee785681a0879b7b16379ab3ae7cc,0,1,1,0,1,0,1,0,0,0,0,0,0,0,0,0,0,0,0,0,0,0,0
13337,e247ee7197ad00949fcc68c05ab97129,1,1,1,1,1,0,1,0,1,0,1,1,0,0,0,1,1,0,0,0,0,0,0
13354,e29fddc5ec21d3c8d5caec352f5c82c2,0,0,0,0,0,1,0,0,0,0,0,0,0,0,0,0,0,0,0,0,0,0,0
13355,e3fa10f09ed7f3dde7572ac6ea12ee10,0,1,1,0,1,0,1,1,0,0,0,1,0,0,0,0,0,0,0,0,0,0,0
13363,e4129c79c4a3c44ad671ba2e6d368122,0,1,1,0,1,1,1,1,0,0,0,0,0,0,0,0,0,0,0,0,0,0,0
13373,e4901fbf8da395e8303ffea56273430d,0,1,1,1,1,0,1,1,0,0,0,0,0,0,0,0,0,0,0,0,0,0,0
13399,e4d57f979e61c8e96675905da8cb2994,1,1,1,1,1,1,1,1,1,1,1,0,0,0,1,1,0,0,0,0,0,0,0
13520,e4d75e834cb12ce84d383ef6cae8e583,0,1,1,0,1,1,0,0,0,0,0,0,0,0,0,1,0,0,0,0,0,0,0
13525,e57284be86c596213f3e699763832ee5,1,1,1,1,1,0,1,0,1,0,1,0,0,0,1,0,0,0,0,0,0,0,0
13540,e5d91833609309d75bf3d081cb8e4503,0,1,1,1,1,1,1,1,0,0,0,0,0,0,0,0,0,0,0,0,0,0,0
13560,e623dcaac8927d8844d5894a1b256642,0,1,1,1,1,0,1,0,1,1,0,1,0,0,0,0,0,0,0,0,0,0,0
13569,e6b6abfa21a951b91bf7049587a52735,0,1,1,0,1,0,1,0,0,0,0,0,0,0,0,1,0,0,0,0,0,0,0
13574,e6d239e26b1205f98c76219c3beba9a8,1,1,1,0,1,0,1,1,1,0,1,1,0,0,0,0,1,0,1,0,0,0,0
13595,e6ec4ecc0ff528c5e56ac9fc75e4bfea,0,1,1,1,1,0,1,1,1,0,0,0,0,0,1,1,0,0,0,0,0,0,0
13613,e70654075208a58e8b25b04d054da26d,0,0,0,1,0,1,0,1,0,0,0,0,0,0,0,0,1,0,0,0,0,0,0
13632,e7092b06ed5cd432a07f268ab1056cb9,1,0,0,0,0,1,0,0,1,0,1,0,0,0,0,1,0,0,0,0,0,0,0
13637,e779f690141394bd9b150e344064b2d6,0,1,1,1,1,0,1,0,0,0,0,1,0,0,0,0,0,0,0,0,0,0,0
13644,e7e594a3146ab202df0e04e613d00178,0,1,1,0,1,0,1,1,0,0,0,1,0,0,0,0,0,0,0,0,0,0,0
13691,e88c05b5e324e181597ca198308b2b4c,0,1,1,0,1,0,1,0,0,0,0,0,1,0,0,0,0,0,0,0,0,0,0
13698,e940d5d2d730e931907628695dd9b5fe,0,1,1,1,1,0,1,0,0,0,0,1,0,0,0,0,0,0,0,0,0,0,0
13704,e9d3ed667548f488fdd36a189a8b54a5,0,1,1,0,1,1,1,0,0,0,0,0,0,0,0,0,0,0,0,0,0,0,0
13709,ea6358a9d02621e67b997b4a306e3f68,0,1,1,1,1,1,1,1,0,0,0,0,0,0,0,1,1,0,0,0,0,0,0
13727,eab3521d51ee5571008e31328fe17699,0,1,1,0,1,0,1,1,0,0,0,0,0,0,0,0,0,0,0,0,0,0,0
13732,eac2cbf5205a486bd46ccb7f3e41b789,1,1,1,1,1,0,1,1,1,1,1,0,0,0,0,0,0,0,0,0,0,0,0
13760,eafdc0c4ded7fec64922cd93be0851da,0,1,1,0,1,0,1,1,0,0,0,0,0,0,0,0,1,0,0,0,0,0,0
13768,eb1a06a9837932339a7129d196eb662c,0,1,1,0,1,0,1,0,0,0,0,0,0,0,0,0,0,0,0,0,0,0,0
13772,eba4e8c1c66ee2e1b54ae61f0ae16190,1,1,1,1,1,0,1,1,1,0,1,0,0,0,1,1,0,0,0,0,0,0,0
13792,ebe31bf9734f0808775f0410bd6a0525,0,1,1,0,1,0,1,1,0,0,0,0,0,0,0,0,1,0,0,0,0,0,0
13798,ec512c074c16765a6573ec18bb86f191,0,1,1,1,1,0,1,0,0,0,0,0,0,0,0,1,0,0,0,0,0,0,0
13805,ec5b99c1c38b4e2ca2fb95547424cf75,0,1,1,0,1,0,1,1,0,0,0,0,1,0,0,0,0,0,0,0,0,0,0
13815,eca79eae8403062a114666a916a91dcb,0,1,1,0,1,0,1,0,0,1,0,0,0,0,1,1,0,0,0,1,0,0,0
13825,eca8af1b62d781deaf95e6180e7b3369,0,1,1,0,1,1,1,1,0,0,0,0,0,0,0,0,0,0,0,0,0,0,0
13834,ecaa0d3209681e7b14e19e35072892d4,0,1,1,0,1,0,1,0,0,0,0,0,0,0,1,1,0,0,0,0,0,0,0
13840,ed1ce2f1276a0eb2c8311b498d384dc8,1,1,1,0,1,1,1,0,0,0,0,1,0,0,0,0,0,0,0,0,0,0,0
13847,ed5cba0a6896b61d6df9c4518ea0bd82,1,1,1,0,1,0,1,0,1,1,1,0,0,0,0,1,0,0,0,0,0,0,0
13861,ed62d07a1d05e36ddcc53899da664782,1,1,1,1,1,0,1,0,1,0,1,0,0,0,0,0,0,0,0,0,0,0,0
13879,ef0af6093e7b75dcffa56a73c842748c,0,1,1,0,1,0,1,0,1,0,1,1,0,0,0,1,0,0,0,0,0,0,0
13888,efdcd1c8c445b3f02792e2c14313e9b7,0,1,1,1,1,0,1,1,0,0,0,0,0,0,0,0,0,0,0,0,0,0,0
13895,f007782630c25e5e80bd819b0c0936c0,0,1,1,1,1,1,0,1,0,0,0,0,0,0,0,0,0,0,0,0,0,0,0
13911,f012d3740480146453dffe19bdcdb232,0,1,1,0,1,0,1,0,0,0,0,0,0,0,0,0,0,0,0,0,0,0,0
13915,f03ba132c763930a09d29df3c23f8bea,1,1,1,1,1,0,1,0,0,0,1,0,0,0,1,1,0,0,1,0,0,0,0
13933,f09a191538eceffbb6a1838b14022b63,1,1,1,0,1,0,1,1,0,0,1,1,0,0,0,1,0,0,0,0,0,0,0
13946,f0c6de14256cf637767a857313b546ff,0,1,1,1,1,0,1,0,0,0,0,0,0,0,1,1,0,0,0,0,0,0,0
13953,f127c98dfdfc8f762e81c623256dbc66,1,1,1,1,1,0,1,1,0,0,0,0,0,0,0,1,0,0,0,0,0,0,0
13966,f17ed38982e8f41c76c20ac5f1dd31b5,0,1,1,0,0,0,1,0,0,1,0,0,0,0,1,0,0,0,0,0,0,0,0
13971,f18c5b5b66f43b6b1294f66ab2c1e98d,1,1,1,0,1,0,1,0,0,0,1,0,0,0,0,0,0,0,1,0,0,0,0
13981,f1f060bb94a3b0fd381270d3898eae2e,1,1,0,1,1,0,1,0,1,0,1,0,1,0,0,1,1,0,0,0,0,0,0
13997,f24dd26af8643f2a491a01f7e25051da,0,1,1,1,1,0,1,1,0,0,0,0,0,0,0,1,0,0,0,0,0,0,0
14010,f2debb6860a30a7c7f35eee46956a923,0,1,1,0,1,1,1,0,0,0,0,0,0,0,0,0,0,0,0,0,0,0,0
14015,f337f34bdde3f8424718867f882d88b9,0,1,1,0,1,0,1,1,0,0,0,1,0,0,0,0,0,0,0,0,0,0,0
14021,f341a5d55ed7086f92b7d590c56ffa0e,0,1,1,0,1,1,1,1,0,0,0,0,0,0,0,1,0,0,0,0,0,0,0
14033,f344be2d9a042b7444f3cc5279e38ef1,0,0,0,1,0,1,0,1,0,0,0,0,0,0,1,0,0,0,0,0,0,0,0
14041,f34d7d4af375d1f9ad70c397704002cf,1,1,1,1,1,0,1,1,1,0,0,0,1,0,1,1,0,0,0,0,0,0,0
14062,f3f26d4877df6f466294f60a8312bb95,0,1,1,0,1,0,1,1,0,0,0,0,0,0,0,0,0,1,0,0,0,0,0
14074,f40765f0ec0f11bbfdf99a564ce9f86d,1,1,1,1,1,0,1,1,1,1,1,1,0,0,1,1,1,0,0,0,0,0,0
14109,f43c632c90fdf745918055860070afb1,0,1,1,0,1,0,1,0,0,0,0,1,0,0,0,0,0,0,0,0,0,0,0
14114,f444a67287af594b73d7edd07d6a97e2,1,1,1,0,1,0,1,0,0,0,0,0,0,0,0,1,0,0,0,0,1,0,0
14121,f4e80167b52b270fe2f9ecd2efdcf12d,0,1,1,1,1,0,1,1,1,0,1,0,0,0,0,0,0,0,0,0,0,0,0
14140,f510005f651751e9dd7fcf15fab240c3,1,0,0,0,0,1,0,0,1,0,1,0,0,0,0,0,1,0,0,0,0,0,0
14304,f51c5064de884e6c54cd3fdf2fcfff02,0,1,1,0,1,1,1,0,0,1,0,0,0,0,0,0,0,0,0,0,0,0,0
14310,f556585671fd24b334c438c41d2ce790,0,1,1,0,1,0,1,1,0,0,0,0,0,0,0,1,0,0,0,0,0,0,0
14320,f57d02da24a18cd17a00aeddb46fa852,1,1,1,0,1,0,1,1,1,0,1,0,0,0,0,1,1,0,0,0,0,0,0
14336,f5988bc8ddb1a5733677d81109fe453b,0,0,1,0,0,1,0,0,0,0,0,0,0,0,0,1,0,0,0,0,0,0,0
14340,f5d978b869b677735ae8ea2c93cc6d71,0,1,1,1,1,1,1,0,0,0,0,0,0,0,0,0,0,0,0,0,0,0,0
14347,f662f8ab01bb3b27860d8a0a74a0546c,0,0,0,0,0,1,0,0,0,0,0,0,0,0,0,0,0,0,0,0,0,0,0
14348,f71d97f27525dd75106f9c593e31abf4,0,1,1,0,1,1,1,1,0,0,0,1,0,0,0,0,0,0,0,0,0,0,0
14357,f7969f6c5da30b31f73be28b6459d221,0,0,0,0,0,1,0,0,0,0,0,0,0,0,0,0,0,0,0,0,0,0,0
14360,f7dd33accb5bbe3c5b686ad49def2d81,0,1,1,1,1,0,1,1,0,0,0,1,0,0,0,0,0,0,0,0,0,0,0
14368,f7e3281d66511a50f45aa0796c4375c4,0,1,1,0,1,0,1,0,0,0,0,0,0,0,1,1,0,1,0,0,0,0,0
14377,f7f625cd7d5fd08b0167030efe6eb239,0,1,1,0,1,0,1,1,0,0,0,0,0,0,0,0,0,0,0,0,0,0,0
14386,f860cc9b8dd778c27b0af0606c20e70f,1,1,1,0,1,0,1,0,1,0,1,0,0,0,0,1,0,0,0,0,0,0,0
14398,f8934a7f963c7cbb2858e5b575d6a7bd,0,0,0,0,0,1,0,0,0,0,0,0,0,0,0,0,0,0,0,0,0,0,0
14399,f94fda42ba20f0510307fe532de1c8a6,0,1,1,0,1,1,1,1,0,0,0,0,1,0,1,1,0,0,0,0,0,0,0
14435,f952df3a2cd18e308c7c3cf2e20f6350,0,1,1,0,1,0,1,1,0,0,0,1,0,0,0,0,0,0,0,0,0,0,0
14442,fa16e4face5df7e1fb158c2689f64b89,0,0,0,1,0,1,0,1,0,0,0,0,0,0,0,1,1,0,0,0,0,0,0
14494,fa218673a8e63669d6839eeaebaca99a,0,1,1,1,1,0,1,1,1,0,1,1,0,0,0,0,0,0,0,0,0,0,0
14503,fa60c0929575adbec4e933fa4fcbaf46,0,0,0,0,0,1,0,0,0,0,0,0,0,0,0,0,0,0,0,0,0,0,0
14504,fa8574e4b97ff04270a538ab8d41a287,1,1,1,1,1,0,1,0,1,0,1,0,0,0,1,0,0,1,1,0,0,0,0
14517,fb8dec009d03ea9b6b7d385946f68643,1,1,1,0,1,0,1,0,1,0,1,1,0,0,0,0,0,0,0,0,0,0,0
14528,fc67563a3f8aff829d82fd7214cf4e5b,0,1,1,1,1,0,1,1,0,0,0,1,0,0,0,0,0,0,0,0,0,0,0
14536,fc817111904f14d8868601ac1e1fedeb,1,1,1,1,1,0,1,0,1,0,1,0,1,0,1,1,1,0,0,0,0,0,0
14606,fc8c8752c6099c69f11d3ebd7738b3bf,1,1,1,0,1,0,1,1,0,0,0,0,0,0,0,1,1,0,0,0,0,0,0
14619,fc8cd52c073c56ad5f635f44097de339,0,1,1,1,1,1,1,1,0,0,0,0,0,0,0,0,0,0,0,0,0,0,0
14629,fc8e16ce7c98f58ba309cb7fc3cd1dec,1,1,1,1,1,0,1,0,1,0,1,0,0,0,1,0,0,0,0,0,0,0,0
14640,fc8f0eb287a3f32c61f2504621f5ae10,0,1,1,0,1,0,1,0,0,0,0,0,0,0,0,0,0,0,0,0,1,0,0
14645,fc9b74bab85fdc6cbdb5b965ca9f760f,1,1,1,1,1,0,1,0,1,0,1,0,0,0,0,1,0,0,0,0,0,0,0
14658,fd422ac5f5772dc211a97910ea880db2,0,1,1,0,1,0,1,0,0,0,0,0,0,0,0,0,0,0,0,0,0,0,0
14662,fd4a11b9abba7352308fabf80c122501,0,1,1,0,1,0,1,0,0,1,0,1,0,0,0,0,0,0,0,0,0,0,0
14673,fd5bc86aa11a1c4b1d17f1e78f50e4a5,1,1,1,0,1,0,1,0,0,0,1,0,0,0,0,0,1,0,0,0,0,0,0
14683,fdb9c5f6193e1cc735a2c59e14882b0f,1,1,1,0,1,0,1,0,0,0,1,0,0,0,0,0,0,0,0,0,0,0,0
