,userid,Subscription Premium Cancel,error_rate_vehicle,error_rate_payment,Add Vehicle Break,Add Vehicle Failed,Add Vehicle Success,Add Payment Method Failed,Add Payment Method Success
0,0006869712ec9841dc36234bce245203,0,1.0,1.0,0,1,0,0,1
7,00596aa4edee32815aaf4aad659c484e,0,1.0,1.0,0,2,0,0,1
15,007b54670d72df309afd87befcbb63db,0,0.5,1.0,0,1,1,0,1
25,0136a8eeca5d16ac1a521dd0e27ecec0,0,1.0,0.5,1,1,0,0,1
32,01529f53aaba5b512168d432d5650556,0,0.5,1.0,0,1,1,0,1
41,017f4557810b3ba165d2959c17b916b6,0,1.0,1.0,0,1,0,0,1
58,02697c4704fe66dad2b28c0e14499911,0,1.0,1.0,0,1,0,0,1
66,03e0c91e1163e8b80e74e586a3e666d6,1,1.0,1.0,0,1,0,0,1
130,047136447917f8b30537738e488e0461,0,1.0,1.0,0,1,0,0,1
143,04918002474136f1c70f61859c47dbb3,0,1.0,1.0,0,1,0,0,1
153,04eb48638351418661f818b4003ac039,0,0.75,1.0,0,1,1,0,3
166,051a5f8bce75a601be987980a09d4187,1,1.0,1.0,0,1,0,0,1
173,05630c0e889fe7371fc74d7ae01f491f,1,1.0,1.0,0,1,0,0,1
186,05cbbaefe73d4745ce2f314f1fff3d66,0,1.0,0.5,1,1,0,0,1
197,06a9a92ef0a123b93e3410d8a57d5b6c,0,1.0,1.0,0,1,0,0,1
202,06e3b977d1d42365af2b77e958cf72b5,0,1.0,1.0,0,1,0,0,1
207,078ae59f1ae79df514e846e5e51eca8b,1,1.0,1.0,0,1,0,0,1
226,07960d9a85ff07a7c38edb8223d1abe6,0,1.0,1.0,0,1,0,0,1
249,07a0d0ab07446da83579be3462bf081e,0,1.0,1.0,0,1,0,0,1
389,07e51f5e3fdde72e8e84978ac7179c16,0,1.0,1.0,0,1,0,0,1
403,07ed5d52c02f7f9a2284b1483dc07bd6,0,1.0,1.0,0,1,0,0,1
416,080510570dc8ad8f5d16ea37a93f26e1,0,1.0,0.5,1,1,0,0,1
422,0863b355ac677a9b85ce5984bf876dc5,0,1.0,1.0,0,1,0,0,1
435,0871c09afb84920b8bfd27b3c328c86a,1,1.0,1.0,0,1,0,0,1
468,0997327eeccc4fcf42b3d0c90b2000f3,0,1.0,1.0,0,2,0,0,1
495,09aa83bbba4d22264215696aa1b169ac,0,1.0,1.0,0,1,0,0,1
502,0a4bf9a1acba481b13330ebae980efc7,1,1.0,1.0,0,1,0,0,1
512,0ac4c049747e23d5627e64345bc1ece7,0,1.0,1.0,0,1,0,0,1
567,0af7f97bf9253358db674384908d7bf4,0,1.0,1.0,0,1,0,0,1
580,0b312cbd78e36c4c19c5ba1ecd80ff13,0,1.0,1.0,0,1,0,0,1
717,0b55c6c8ce2743c5581ad07681cc812b,0,1.0,1.0,0,1,0,0,1
737,0b9ab37757f4ca5274110490af02c496,0,0.5,1.0,0,1,2,0,2
760,0bd397383b7b3070af45cb75d9e44c30,1,1.0,1.0,0,1,0,0,1
774,0be441fb8acf6a9dd45d4d2444e62deb,0,0.5,1.0,0,1,1,0,1
796,0c7170de11fabf2a805736938841cc8c,1,1.0,1.0,0,2,0,0,1
811,0d0735f580cbe12a394d2e700104b7df,1,0.3333333333333333,1.0,0,1,2,0,1
831,0d34c7bc13e61f2d73375a42dd5fd3fe,0,1.0,1.0,0,1,0,0,1
843,0d42e37276db6718fe60c57282fffa95,1,0.5,1.0,0,1,1,0,1
888,0d51394c39dbf15021ccd09155ee6257,0,0.0,1.0,0,1,0,0,0
901,0e440655eed83610e0076ad7faa3a3f0,0,1.0,0.5,1,1,0,0,1
925,0e5eda1a13792e7fc5ee23edb8348c46,0,1.0,1.0,0,2,0,0,1
995,0e98d69eca88d59c29dadae04730f7d5,1,1.0,1.0,0,1,0,0,1
1014,0ef9ac02bd8f7d2f0ba5bc7beb2ae770,0,0.5,0.0,0,0,1,0,1
1017,0f6ec4ebb8659088613c41f9d90e11fd,0,1.0,1.0,0,1,0,0,1
1036,0fc0cec5a0e21c62feb9a7c5217c36d8,1,1.0,0.6,2,3,0,0,1
1072,0fe08d5c5027a9c435b0a98839b826ce,0,1.0,1.0,0,1,0,0,1
1081,1071d47f43bb66419b9a7365becef941,0,1.0,1.0,0,1,0,0,1
1085,10728ca2ec3dde0f3bac7e67c02b88e0,0,1.0,1.0,0,1,0,0,2
1121,107eea821b823c2218cc2f44fa7746d9,1,1.0,1.0,0,1,0,0,2
1137,108f272091d484c9ef8d55cafc32abf9,0,0.3333333333333333,1.0,0,1,1,1,1
1211,110cf2b07dea0f6ea3253cb621bd98db,1,1.0,1.0,0,1,0,0,1
1233,1153f4b1fafdb1470a5bec25d4aa004a,0,1.0,0.5,1,1,0,0,1
1240,117e6684e0f88d6da5afb944c5a657a3,1,1.0,1.0,0,1,0,0,1
1253,118947eb7fc12d6d81c429c6762cb403,0,1.0,0.5,1,1,0,0,1
1261,11b9f94b9c956fa7197e02323663a454,1,0.5,1.0,0,1,2,0,2
1275,12746b8d8cd1a53826ca718d8e3f0e2d,0,1.0,1.0,0,1,0,0,1
1289,12b0be2eac6e706da1a81c476447c4d7,1,1.0,1.0,0,1,0,0,1
1341,12d1151fd9a265b2bf006ac1dea65573,0,1.0,1.0,0,1,0,0,1
1350,133244e670189dcb7016803b07df4089,0,1.0,1.0,0,1,0,0,1
1393,13d8a03074dd4502c5acb82fc65e2b33,1,1.0,1.0,0,1,0,0,1
1407,146966622eb7ca05e67c132570b6c34a,0,1.0,1.0,0,1,0,0,1
1414,1498cb3e57f7ae6deaefce9cffc76c9b,0,0.25,1.0,0,1,3,0,1
1444,15307da1b3803640d7efd77778dc2b3d,0,0.5,1.0,0,1,1,0,1
1450,15358728efaecefc1930b7ca9877f4ee,0,1.0,1.0,0,1,0,0,1
1504,1689b71af323dea3daeb1e1ca243a3fb,0,1.0,1.0,0,1,0,0,1
1511,173c9c2173fdf64c965a0fb0bb4606aa,0,1.0,1.0,0,2,0,0,1
1537,186c48b6d6b3494736436240f4283f50,1,1.0,1.0,0,1,0,0,1
1563,189adece0dd21eb905f1bfcc09298ecd,0,1.0,1.0,0,3,0,0,1
1590,18b9953f2328fed7482dda3deb45dcf5,1,1.0,1.0,0,1,0,0,1
1621,18d873e99c73abab540d7e9f5bd625a8,0,1.0,1.0,0,1,0,0,1
1626,19115f8d861df98e0f4a385403ec7297,0,1.0,1.0,0,1,0,0,1
1632,1911b1cdfee95bff6469a54c2cfe23f2,0,1.0,1.0,0,1,0,0,3
1648,19899cf5c96fb3462626aab218e96c9a,0,1.0,0.0,0,0,0,0,1
1652,19908769e65492bdc3910e01635bbc22,0,1.0,0.25,3,1,0,0,1
1662,1a2aff341204da8904fd42b6992b51a1,0,1.0,1.0,0,1,0,0,1
1681,1a406c1aa3f65a74a1a94dfa41e2ce51,1,1.0,1.0,0,2,0,0,1
1708,1aa7ad009d51094dcd8d4c72eff478c3,0,1.0,1.0,0,1,0,0,1
1712,1ab2c0d5edd34fff59f593d702b51b7a,0,1.0,1.0,0,1,0,0,1
1720,1ac5f312f47342d26c2379dcf6cea214,0,1.0,1.0,0,1,0,0,2
1728,1ae2a46b39436dc9e1f0139bcaa11a93,0,1.0,1.0,0,1,0,0,1
1741,1af48f0a90cb99826777cbf0b7c686d9,0,1.0,1.0,0,1,0,0,1
1753,1af5e03863884fc2acad5b041fcde760,0,1.0,1.0,0,1,0,0,1
1765,1b790c4c4c115725f6d55f5491b75864,0,1.0,1.0,0,1,0,0,1
1802,1ba2d0ab9b0bc87b1d4e8b09fa674ff9,0,1.0,1.0,0,1,0,0,1
1813,1bf94f465f2280c48a00ea45201556f9,1,1.0,0.5,1,1,0,0,1
1823,1c0262b09b8f98cf0fcab4cec967661e,0,1.0,1.0,0,1,0,0,1
1845,1c12b88876e339e04cf5e599609d61f1,0,1.0,1.0,0,1,0,0,1
1869,1c18dbe71e395e81a4c2f1640065f2df,0,1.0,1.0,0,2,0,0,1
1882,1c557ecea99c8a32c952e5e5a7e8be0f,0,1.0,1.0,0,1,0,0,1
1893,1c5d42f9cf94d9eca90b3628d4d7f75d,0,0.0,1.0,0,1,0,0,0
1907,1c64e81f9085be91bd8c11f04885bc1e,1,1.0,1.0,0,1,0,0,1
1921,1c735da213f3057122b9a3d389c4438b,0,0.2727272727272727,1.0,0,1,8,0,3
1960,1d4a7fea41a50bfa2415166997531dea,1,0.5,1.0,0,1,1,0,1
1975,1d986af94cdaf924384044ef2b1feda6,1,1.0,1.0,0,1,0,0,1
2005,1db181666b863be425838b33a244c614,0,1.0,1.0,0,1,0,0,1
2159,1e5eb3882e3c8e54163978e681e46df8,0,1.0,1.0,0,1,0,0,1
2170,1e78610bb127137ae210339776ac17d2,1,1.0,1.0,0,1,0,0,1
2181,1e9e73b79cbb605b9a8b569aeef4c3b4,0,1.0,1.0,0,1,0,0,1
2187,1eaeea1774a713a8964678a68480eb1e,1,0.5,1.0,0,1,1,0,1
2203,1ebd9a46e9d38ac548d26c24475c184a,1,1.0,1.0,0,1,0,0,1
2216,1f2af7dcf218e3fb01e5f29042f4859d,0,1.0,1.0,0,1,0,0,1
2223,1f54235428cbe673012d7901843759ff,1,1.0,1.0,0,2,0,0,1
2237,1fb12188a9711f2a856d6921e849fc04,0,1.0,1.0,0,1,0,0,1
2242,202e0cca3b46e34708705d9f4167924c,0,1.0,1.0,0,1,0,0,1
2248,20408ecea2d7cf2850397f5d00707966,0,1.0,1.0,0,1,0,0,1
2253,2064e05a508fa9206f18f61211306bbc,0,1.0,0.5,1,1,0,0,1
2264,206d187415317c5ce1136402ccba28fd,0,0.5,1.0,0,1,1,0,1
2278,20785e1bb94dc087f8b00dd6f8b881b1,0,1.0,1.0,0,1,0,0,2
2314,208d44a7377761a342c8f0087ac97304,1,1.0,1.0,0,1,0,0,1
2324,20d5e927de655e96b2013f41ea91ade3,0,1.0,1.0,0,1,0,0,1
2328,20e6d9cbf3c833ca51c4043842e0a7b1,0,1.0,1.0,0,1,0,0,1
2334,215dd76650fb1529fb07b81393d128cc,0,0.5,1.0,0,1,1,0,1
2367,2188feabd027250e1c6aa73ce4b93774,1,1.0,1.0,0,1,0,0,1
2380,21dd781fe1b5535fc2d6dc74abde71a1,0,1.0,0.5,1,1,0,0,3
2392,21e28f6337ff700d41ee87a1b244ca78,0,0.3333333333333333,1.0,0,1,0,2,1
2399,223a7ec8bb7c62ca120731897ddc2d5c,1,1.0,1.0,0,4,0,0,1
2432,2287dc97fbe01619f2ac6d976fd22d56,0,1.0,0.0,0,0,0,0,1
2449,231ce3ffaca9425d5c8e7916fa81edfb,0,1.0,1.0,0,1,0,0,1
2453,23303acbad4ced835ad719f0e0e51d27,0,1.0,1.0,0,1,0,0,1
2464,23e09ff395402bdcd679aa42ff7733b6,0,1.0,1.0,0,1,0,0,3
2480,241455dd2795d3cb74dd2c63417ba6e7,0,1.0,1.0,0,1,0,0,1
2527,241b4264a35b5ed3f36fc5bcc5628d39,0,0.0,1.0,0,1,0,0,0
2572,242cf1bbb6b1bc8b6bd1bb6b988dc74a,0,0.5,1.0,0,1,1,0,1
2578,242f8255937541b03a117754ad36412d,1,1.0,0.5,1,1,0,0,1
2592,2446b92327462e2127b3f2693d26c04a,1,1.0,1.0,0,1,0,0,1
2612,2467ce8593dd0efe1ce5d4b82263bc5c,0,1.0,1.0,0,1,0,0,3
2624,2494be3ca550793c7dfc91fc24757de5,1,1.0,1.0,0,1,0,0,1
2644,24ae2c7a8ceccbefe27ba19f2cdd4495,1,1.0,1.0,0,1,0,0,1
2668,24d5e7af47c5fc49b662b7a89fa71053,0,1.0,0.0,0,0,0,0,1
2683,252dc11e0f9eb1ea54ce7753d543e642,0,1.0,1.0,0,1,0,0,1
2696,254eb384004de580e4840aa48dfff2c8,1,1.0,1.0,0,1,0,0,1
2707,2557cd4f51eecefae83b03a2731a6dad,0,1.0,1.0,0,3,0,0,1
2741,2567193ff2ad4910e8b44dd1fc853195,1,0.0,1.0,0,1,1,0,0
2751,258f464c03022a8510e9f4c067d1b8d7,1,0.0,1.0,0,1,3,0,0
2761,2604776c53d7659ba2f63cd8012cfe3b,0,1.0,1.0,0,1,0,0,1
2796,26390ea4193ad1beb981847f56fb27ad,0,1.0,1.0,0,1,0,0,1
2805,268963cbd5f12764c76522761d49c3db,0,1.0,1.0,0,1,0,0,1
2811,26a23e3b015fbc5331ec7cbf14dcf7b6,1,1.0,1.0,0,1,0,0,1
2844,26cc023b7271834292da520c97fbef3d,0,1.0,1.0,0,1,0,0,1
2852,26f6999627188ee4244bd5b4e66be452,0,1.0,1.0,0,1,0,0,1
2871,270c14cfefa4e0dc596c90f6a8c6c363,1,1.0,1.0,0,1,0,0,1
2884,2806ac5e5ba63f9663eeac04c9233d58,0,1.0,1.0,0,1,0,0,1
2893,2824218167d0043650cb936c7ae54fbe,0,1.0,1.0,0,1,0,0,1
2906,28351fc0ee957623210ae2cd58b3f948,0,1.0,0.3333333333333333,2,1,0,0,1
2914,28368284a145474b2cc4961349bffcf3,0,1.0,1.0,0,1,0,0,4
3071,285e50434bbd8d4e00cf195e031471c7,0,1.0,0.25,3,1,0,0,1
3090,28f717cf8a88463c064bad98f1d4c2f3,0,1.0,0.5,1,1,0,0,2
3100,29081c0cdef5f0595e304d7c2ff180b2,0,1.0,1.0,0,1,0,0,1
3110,2963f87076e1d4da0ccbbc5544c3938d,0,1.0,1.0,0,1,0,0,1
3125,29c68f723b88e2d3bb1172f847b831e4,1,0.0,1.0,0,1,0,0,0
3133,29feabf8f6a90d2c625cc1dd2e0e5608,1,1.0,0.5,1,1,0,0,1
3150,2a2003f6836b4720906cbae8893faec9,0,0.0,1.0,0,2,0,0,0
3187,2a767ebb235888b58608a89209ad66e8,0,1.0,1.0,0,1,0,0,1
3191,2b8f011b320370b42d0cb58b02279174,1,1.0,1.0,0,2,0,0,1
3228,2bd8d3842055dfd1b823280be18b86f4,0,0.6666666666666666,1.0,0,1,1,0,2
3243,2c0d8a39fb4ccb87a1ba81a4ab0bb2f4,1,1.0,1.0,0,1,0,0,1
3255,2c38245c979b755b1472f2916f0daf4d,1,1.0,0.5,1,1,0,0,1
3270,2c417ec542692a13a3b125f8d5b4f7e0,0,1.0,1.0,0,1,0,0,1
3274,2c597755067d64bf12050cbd7b62c30f,1,1.0,1.0,0,1,0,0,1
3281,2c64014e0a5076e1546d9cb1c9b6bb49,0,1.0,1.0,0,2,0,0,1
3326,2c895a67799f6f91760eb6f89b3d2c93,0,1.0,0.5,1,1,0,0,1
3342,2cd321395020766bab5f3d6e98370615,1,1.0,1.0,0,1,0,0,1
3357,2ced05ac57b018b110a58dae0af1922a,0,1.0,1.0,0,1,0,0,1
3363,2cfb93b59c43b29004cf6f31ccb35866,0,1.0,1.0,0,2,0,0,1
3370,2e273d205064ca23276d7f6e11c47b7c,0,1.0,1.0,0,1,0,0,1
3374,2ea74995cbe34a4265a414c1ddac6dad,0,1.0,1.0,0,1,0,0,1
3383,2f68b6851b2c2da6e70344c44c1ee797,0,1.0,1.0,0,1,0,0,1
3389,301f31af81cd461a85c722ea012a10a6,0,1.0,0.3333333333333333,2,1,0,0,1
3398,302956248376bb225453d6c53f1cb9c2,0,1.0,0.3333333333333333,2,1,0,0,1
3409,31825bd1c0c1c7430bb476473fb02427,0,1.0,1.0,0,1,0,0,1
3414,31a2a5bf01a650de54f5867239a05358,0,1.0,1.0,0,1,0,0,1
3435,31b70a3c4e315eb48ce2f05a6af1f4c7,0,1.0,1.0,0,1,0,0,1
3447,31c1e16c643a0b79de9e269ee421a3bb,0,1.0,1.0,0,1,0,0,1
3655,31dbb2f9f52779609a23ab408c4f17c2,0,1.0,0.5,1,1,0,0,1
3662,31ee77e6f2a77616b0529452826a2e5e,1,1.0,1.0,0,1,0,0,1
3683,32574516b6e722bcaccd61294d9a44f4,0,1.0,0.5,1,1,0,0,1
3688,32c03669a8a41dc78afc656f9eef1d08,0,1.0,1.0,0,1,0,0,1
3693,32d06a6d0d766dc437831803b69d8473,0,1.0,1.0,0,1,0,0,1
3716,3300d59871c86ce4cbb7797cc3389bec,0,1.0,1.0,0,1,0,0,2
3725,333a80b1c4f744614ccb87b8f8824584,0,1.0,1.0,0,1,0,0,1
3731,338906dedde08209932b85f12b2bb5b0,0,1.0,0.5,1,1,0,0,1
3739,338f1face3221db325af58494e595031,0,1.0,1.0,0,1,0,0,1
3745,33d4c1a149926acd6536452ecbddc8e2,0,1.0,0.0,1,0,0,0,1
3759,33df68e60856407de4a6d6d10898a0d5,0,0.14285714285714285,1.0,0,1,6,0,1
3780,340a603b92a8a87d8df54de8b3f4cebc,1,0.3333333333333333,1.0,0,1,2,0,1
3817,3441debe522763d7ad7bc7640dd4e112,0,1.0,1.0,0,1,0,0,1
3833,3470f4afabdbf091c92349cd59b87962,0,1.0,0.0,0,0,0,0,1
3843,349cf7c42e78a9348cd2e16e39c6b2a1,1,1.0,1.0,0,1,0,0,1
3853,34bc6a1b14fbd2cab9cf48521e2af7ab,1,1.0,1.0,0,1,0,0,1
3874,34e285e94c4d454302efe828063bbfd5,0,0.5,1.0,0,1,1,0,1
3883,350117d2687170f2c9cda719dcfe9874,1,1.0,1.0,0,1,0,0,1
3902,353dc77feb1fcc55db4925614234af23,0,1.0,0.5,1,1,0,0,1
3937,36349bfe556825eb3041de5dec1acae3,1,0.5,1.0,0,1,1,0,1
3954,36349fc0362c79b7bd699db1a37ab49c,0,1.0,1.0,0,1,0,0,1
3957,366034352c98c4efbe4fcd7af4be56bc,0,1.0,0.0,0,0,0,0,2
3960,369338ede6e4a88e0d1607c75d40e965,0,0.0,0.0,0,0,1,0,0
3965,369c0df7caa71a3cded0e653598dba24,0,1.0,1.0,0,1,0,0,1
3971,36d05f7d7de29d6195faf1a5fc978d03,0,1.0,1.0,0,1,0,0,1
3978,36e396c36c0c652d06dee2f85acb11c9,1,1.0,1.0,0,1,0,0,1
4025,3723b0379d1db82b50e13a7c94b87be4,0,1.0,0.0,0,0,0,0,1
4031,375f680cd1242eb7bf9263dd5ba1fe6d,1,1.0,1.0,0,1,0,0,1
4041,376718de739ee11bd02d64e7ac1e6b91,0,1.0,1.0,0,1,0,0,1
4046,37c54950adfde875fc0c47ce59ef9413,0,0.2,1.0,0,1,4,0,1
4065,37cff7850dce57b850c727da0a30e569,0,1.0,1.0,0,2,0,0,2
4098,38041ee2e8b2c82bb886cced22e52f24,0,0.3333333333333333,1.0,0,1,4,0,2
4109,385f820f77b8a4ac405178faf27cda22,1,1.0,1.0,0,1,0,0,1
4120,387c88f25e204376acf003420663fef5,1,1.0,1.0,0,1,0,0,1
4129,38837e2d6cad9dfb09d951825b1b4fca,0,1.0,1.0,0,1,0,0,1
4151,389ef7a081ffbee9915de2c0db4b0e8d,1,1.0,1.0,0,2,0,0,1
4167,38c5600b2cef3232ae2db7b51b5cdb4b,1,1.0,1.0,0,1,0,0,2
4185,38d61e1a86ec9b86a036bbba21ac2dfe,0,1.0,1.0,0,1,0,0,4
4217,38dba38d603307835e1b88b47ef0c34c,0,1.0,1.0,0,1,0,0,1
4223,3904a3b8d43d05675044b6596d965516,0,1.0,1.0,0,1,0,0,1
4232,39c9fc940cb63f5253d220f37e7ce587,0,1.0,1.0,0,1,0,0,1
4236,3a2bac2ff9f5f90449ee50bd77be6246,0,1.0,1.0,0,1,0,0,1
4242,3a57dc7f1e9c53802b2d7d70a8c8398e,0,1.0,0.5,1,1,0,0,1
4266,3b0e78006bdafefcf05a0ee4d7f978ab,0,1.0,1.0,0,1,0,0,1
4284,3ba65939b03dd736b664863bd5e7eed4,1,1.0,1.0,0,1,0,0,1
4303,3bfc54f0e636e24b24d40885b63e34cc,0,1.0,1.0,0,2,0,0,1
4312,3d119362b1d08614d469324cf046271f,0,1.0,1.0,0,1,0,0,2
4322,3d49da0965533c33153bb65eb1b6d11d,1,0.5,0.6666666666666666,1,2,1,0,1
4351,3ddccd890467c76dd9886a40dbd51800,0,0.5,1.0,0,1,1,0,1
4369,3e589bc1e06fa0c8fb18a3608504a252,0,1.0,1.0,0,1,0,0,1
4375,3ea9a683522f9c4db196734ca9764133,1,1.0,1.0,0,1,0,0,2
4397,3ee27e464dfd51c416fb80b4e7330c76,0,0.5,1.0,0,1,1,0,1
4404,3ff515e258fd127963d4b549dd158dbd,0,1.0,1.0,0,1,0,0,1
4409,401f06afe10a40b0ce430c4b486fbf98,0,0.5,1.0,0,2,1,0,1
4451,4028aa8de16372fa151699d3e451e497,0,0.0,0.0,0,0,1,0,0
4454,40bb760dcafe2254a0dfe804eac23a33,1,1.0,1.0,0,1,0,0,1
4492,40d74d801142724f930bd784d2273059,1,0.0,1.0,0,1,0,0,0
4555,410ff2f2d9e4f17566eeee53bed279fd,0,1.0,0.0,0,0,0,0,3
4570,411005e3a783b70dfad79e2656d39507,0,1.0,0.0,0,0,0,0,1
4573,415a999a1ed566ebf7e65e950bac72fb,1,1.0,1.0,0,1,0,0,1
4582,419bcb39eb06745117cce7d87497b7f4,0,1.0,1.0,0,1,0,0,1
4711,41f7789dea5f3312bdf57632460561c0,0,1.0,1.0,0,1,0,0,1
4720,423ffa8cbe761baa995e981904f479db,0,1.0,1.0,0,1,0,0,2
4735,424090309305e8b36ebf4e45490d8699,1,1.0,1.0,0,1,0,0,1
4760,4260d7d2ac838b5e5b80a52516f78f5b,0,1.0,1.0,0,1,0,0,1
4779,430d96d025d9c30dbd62aa4fd3591e98,1,1.0,1.0,0,1,0,0,1
4790,4359ebe5e116311852440785e34f916e,1,1.0,1.0,0,1,0,0,1
4801,4383288d6bab753c11fc2f4ea43b1eb8,0,1.0,0.3333333333333333,2,1,0,0,1
4835,43acfb851b122c9a40e9bfbf4e76a987,0,0.6666666666666666,1.0,0,1,1,0,2
4842,43b4c442aeac033aa6cc97df88b5aed8,1,1.0,1.0,0,1,0,0,1
4854,441ffbb3d0324236d47a0f7e1ebd02f9,0,1.0,1.0,0,1,0,0,1
4860,44ae811b5b8aeea9b7d8037ab9f117d3,0,0.0,0.0,0,0,2,0,0
4869,44cd60c0ddb41223eb13c1a224b5e3d6,0,0.0,1.0,0,4,0,0,0
4932,4574a7082953f5413fa884d53d878986,0,1.0,0.5,2,2,0,0,1
4946,459e6058a0128608eca6f2e4baffcbb6,1,1.0,1.0,0,1,0,0,1
4955,4625f7ed22e911f5290a3660feb4efdb,0,1.0,1.0,0,1,0,0,1
4976,466f747de57099409c4d851f2775613f,0,1.0,1.0,0,3,0,0,1
5075,46893f70a2c99e6ad111c032fb602758,0,1.0,1.0,0,1,0,0,1
5088,46c1d5ea297bd502e2d7f9dba6056bdd,0,1.0,1.0,0,1,0,0,1
5135,473e8564480e721b794006b4362b0a2d,1,1.0,1.0,0,1,0,0,1
5145,48447eeb5e9e047a5fa5de4496dbf146,0,1.0,1.0,0,1,0,0,1
5150,4858d7c1242de839319efebd510e5833,0,1.0,1.0,0,1,0,0,1
5214,4949c7b6dfa8cef23d641fd98d50ab18,1,0.0,1.0,0,1,0,0,0
5243,494d52061c082cec80e62b80d0042d72,0,1.0,1.0,0,3,0,0,1
5251,49955bcc5e4bac51a23b38fbb847e910,0,1.0,1.0,0,1,0,0,1
5259,4a6d90a42a49fb43ebd0ea82f406d34d,0,1.0,1.0,0,1,0,0,1
5271,4aa64a1cb0dc8a8d3147562ce234a3e5,1,1.0,1.0,0,1,0,0,1
5288,4af882ce2ab38d2ef497f366228ec628,0,1.0,0.5,1,1,0,0,1
5295,4afebd4fded13e31ce39313675f531b5,0,1.0,0.25,3,1,0,0,1
5304,4b05850de2b0726430f0c171c75d5f87,0,1.0,1.0,0,1,0,0,1
5310,4b05befff3a1d4b162b82ed9054cf712,0,1.0,1.0,0,1,0,0,1
5318,4b5f8f36415758d07940d6b9285a0b88,0,1.0,1.0,0,1,0,0,1
5322,4b98d821327ceee07c9356467b38baaa,0,1.0,1.0,0,1,0,0,1
5434,4c14e25c7133054ff3ffd583ea798a4b,0,1.0,1.0,0,1,0,0,1
5445,4c36cc224295123abac39e074804f1d2,0,1.0,1.0,0,1,0,0,1
5452,4c6ed7c9dfdd8bb6a46f0abdbfbd7cb8,0,1.0,1.0,0,1,0,0,2
5458,4c94765da12237b4781eae5871bba09b,0,1.0,1.0,0,1,0,0,1
5465,4d173c7fcb0f6bacfd31227558490c0d,0,1.0,1.0,0,1,0,0,1
5470,4d19655d46028f8d76299fcda129e9d2,0,1.0,0.75,1,3,0,0,1
5511,4e163599d4c5f2ea99f1e362574395c4,0,0.3333333333333333,0.3333333333333333,2,1,2,0,1
5519,4e8c6c9508d1baa221a0603ca797c09f,0,1.0,1.0,0,1,0,0,1
5533,4eb4c6847976cea22cfa60d254ea7955,0,1.0,1.0,0,1,0,0,2
5544,4ec04eeaeb92999f172d715b14778cc1,0,1.0,1.0,0,1,0,0,1
5552,4eec281375b6d8de355bc7f5ce6107f5,1,1.0,1.0,0,1,0,0,1
5570,4f915b8fd0e0b00021ee799a232e80d7,0,0.3333333333333333,1.0,0,1,2,0,1
5583,4fba4b79bfe1c7f4ce494d72b528e408,0,1.0,0.0,1,0,0,0,1
5604,5085db2422dd457f81d595b1adbfe4a8,1,1.0,1.0,0,1,0,0,1
5654,5088f296d47983033db15af390403713,0,0.5,1.0,0,1,1,0,1
5678,51006ca5d6592611a001f18c77adcb86,0,1.0,1.0,0,1,0,0,1
5684,514046f7694ccccfc534baf5a573f7e4,0,1.0,0.3333333333333333,2,1,0,0,1
5703,5172f2538739cd7b096c2e039cca13bb,0,1.0,1.0,0,2,0,0,2
5747,51a344e411d1ca1efccb949e151faeec,1,0.0,1.0,0,1,1,0,0
5758,51d15c7f78bfff49bdd2a9e43c686c57,1,1.0,0.5,1,1,0,0,1
5769,520c53e60a665c9c1c78671024f640a7,0,0.0,1.0,0,1,0,0,0
5788,5269bedc00c765383dbd9b75214d6107,0,1.0,1.0,0,1,0,0,1
5793,52ca2225de17679b74f9b51468b5bd13,0,1.0,1.0,0,1,0,0,1
5803,5393129fdf773191f7b3de51b35bb15d,1,1.0,1.0,0,1,0,0,1
5816,53a0b26f55392f7db475bd6891f89587,0,1.0,1.0,0,1,0,0,1
5824,544dcd8988c23baf7f4bb54539131370,0,1.0,1.0,0,2,0,0,1
5831,549b90690b243ca14c0d4444c45b2d6d,0,0.0,0.0,0,0,1,0,0
5833,549c2f07029b3b89c39b1a234eea17e7,0,1.0,1.0,0,1,0,0,1
5840,54ca6ba06580997b4600d4ec927d877e,0,1.0,1.0,0,1,0,0,1
5883,54ebefdcff1b349d2a636ee2cab0d2d9,0,1.0,1.0,0,1,0,0,1
5910,5500242e507e4bf5e811b78b98ef8aa0,0,1.0,0.0,0,0,0,0,1
5914,55238082030979fdd9e5f3f28bdc3d41,0,1.0,1.0,0,1,0,0,1
5918,55e5218c49cddd5979cfe8d99aebe211,0,0.5,1.0,0,1,1,0,1
5923,5626694c4b0611f4d609ade48f9c33ea,0,1.0,1.0,0,1,0,0,1
5929,5643e7f48ecaaa954360dcea11326f90,1,0.0,1.0,0,1,1,0,0
5938,571f164f7c0755e4a9b8b81677ae8108,0,0.5,1.0,0,1,1,0,1
5963,578a167f3ac0dde4f7d640f73a162fbb,1,1.0,1.0,0,1,0,0,1
5979,57c581fe3e3db95790033d16cd40612c,0,1.0,1.0,0,1,0,0,1
5986,57c8465ad95217be2406e567acfe5adc,0,1.0,1.0,0,1,0,0,1
5991,57d215f2f98eec7cb3643c6632345706,0,1.0,1.0,0,1,0,0,1
5996,57e5c76a77ab90a452aef66b3321ef94,1,0.0,1.0,0,1,0,0,0
6003,5866ed2d85dc83aefc56c03b0c4e0cb2,0,1.0,1.0,0,1,0,0,1
6006,589eaa80315e2d1e3f63bdcffb52bb08,0,0.5,1.0,0,1,1,0,1
6012,58edfdc0d9a5d6545493b55f57f92706,1,1.0,1.0,0,1,0,0,1
6050,59334d4276f4dea8ae7f7f69d8e50fd1,0,1.0,1.0,0,1,0,0,2
6075,5984590369784a743c04b9d9406a1942,0,0.3333333333333333,1.0,0,4,2,0,1
6116,59ad0757ef2b3147ec650c7725d4189b,0,1.0,1.0,0,1,0,0,1
6122,59bdf3b757649e1240916defe88d907a,0,1.0,0.5,1,1,0,0,1
6132,59c7a52fcbad645262a9d47c37718761,0,1.0,1.0,0,1,0,0,1
6141,5a3e9a1f1254bd8435cb156a36434e6f,0,0.5,1.0,0,1,1,0,1
6150,5a8c64f33e9d268f81e5c697c5361eae,0,1.0,1.0,0,1,0,0,1
6157,5a90e9973c256c19c17b03bdda1c1fc4,1,1.0,1.0,0,1,0,0,1
6188,5ab705cd907b3c74ea390841553d7e7b,0,0.75,0.25,3,1,1,0,3
6230,5b6e0e28ca9c0ad0c28b9833e0f6f3bb,1,1.0,1.0,0,1,0,0,1
6238,5b739aadc5308f5c4b98cdb12a5b4bb3,0,0.5,1.0,0,1,1,0,1
6261,5bad87d58cd78093eeea2543a9eaa915,0,1.0,1.0,0,1,0,0,1
6268,5cc41caf408dda07644802b540b0fae8,0,1.0,1.0,0,1,0,0,1
6274,5ce08b9be82835b1e0ec4fa23e7179c5,0,1.0,1.0,0,1,0,0,1
6286,5ce0a8ef13021601ba06c305cc6d4fbe,0,1.0,1.0,0,1,0,0,1
6293,5d91115e38308fbbcf738ae08be36c0c,1,1.0,1.0,0,1,0,0,1
6307,5de23b06c399efbbcb1e691fff3f9cf3,0,1.0,1.0,0,1,0,0,1
6312,5e2991eb04597154c4c818c705a83714,0,1.0,1.0,0,1,0,0,1
6317,5f019dad536b950ee380f02f801ef821,1,0.5,1.0,0,1,2,0,2
6332,5f075d270e0cb3da5b6660dd59f3ad8d,1,1.0,1.0,0,1,0,0,1
6354,5f7a028c0833b707f467e642dbbba94c,0,1.0,1.0,0,1,0,0,1
6363,602502c44ff131d642975f04c3e9328f,0,1.0,1.0,0,1,0,0,1
6372,604062fd35365e259606987533396503,0,1.0,1.0,0,1,0,0,1
6391,627f50253b42607513a1c93bb68201ad,0,1.0,1.0,0,2,0,0,1
6889,6300c5ac3661082132d9db2f9fd96850,0,1.0,1.0,0,1,0,0,1
6894,634e69cfa62279449e8765e7c4fbd768,0,1.0,1.0,0,1,0,0,4
6901,638a7b0cb6c8c36914929f0f6dec5f99,1,1.0,1.0,0,1,0,0,1
6915,6447dd1e764aa2035f2ff6febdcd903b,1,1.0,1.0,0,1,0,0,1
6924,644e0fa1e929604a8edb1430ae6c7a0c,0,0.0,1.0,0,1,2,0,0
6931,645bf5f106758155d7d941623c9c6776,0,1.0,1.0,0,1,0,0,1
6935,6479fa55065c7db1c8903855a765a3e2,0,1.0,1.0,0,1,0,0,1
6940,64b11b91d10d9b18e395f1870a070788,1,1.0,1.0,0,1,0,0,1
6976,6500ae39d2f7d8f84514ae25ec777a90,1,1.0,1.0,0,1,0,0,1
6986,6523b0c048a6b137256cafc1523c2c2e,0,1.0,1.0,0,2,0,0,1
7001,66156a8939ecab2faa5b3894d660dece,1,0.5,1.0,0,1,2,0,2
7055,668a41f056472415c920e6541ed99a12,1,1.0,1.0,0,1,0,0,1
7062,668f7ab9e3245b7aafd3b6b608770fb1,0,1.0,1.0,0,1,0,0,1
7175,66b10fd6c2896eb0544358c22f857daf,1,0.3333333333333333,1.0,0,2,2,0,1
7201,66b31f5f5cd3fe44a57318ede88e25f6,1,1.0,1.0,0,1,0,0,1
7258,6767e5a691dcd5bc12000fb1bf2cd27d,0,0.5,1.0,0,1,1,0,1
7264,679eba26c4e75e0afb178360becfa21b,0,1.0,1.0,0,1,0,0,1
7270,67aa33901d64ba01ce58d10cc1f0751e,0,1.0,1.0,0,1,0,0,1
7280,67ccddef177d06905f6603f051afee72,0,1.0,0.3333333333333333,2,1,0,0,1
7289,67e44c02222349a4e5aff1233d06b8ce,0,1.0,1.0,0,3,0,0,1
7317,68142b43f18b2a9addc20e685cfa2d3e,0,0.3333333333333333,1.0,0,1,2,0,1
7324,681be137529c920b3fe7ca9b11001304,0,1.0,1.0,0,1,0,0,1
7508,6913af0efb0e6d62a4ed4ebd949f772e,0,1.0,1.0,0,1,0,0,1
7513,6a44861a524688ce200eb1dd74f1ec13,1,1.0,1.0,0,1,0,0,1
7524,6a50932e4131dfcb0c07bb68a6424a19,0,1.0,1.0,0,1,0,0,1
7528,6b03383c14cd259c5fd84d98929d8073,1,0.0,1.0,0,1,0,0,0
7534,6b127f16e353afcb2ca1856278059f3a,1,1.0,1.0,0,1,0,0,1
7543,6b2086f59270bdb54200860df038f920,1,1.0,1.0,0,1,0,0,1
7565,6b3bfe87a5b8f183e3cf042103e15da6,1,1.0,1.0,0,1,0,0,1
7580,6b41e43bf0a42c1a96e10f061c2fdc0f,0,1.0,1.0,0,1,0,0,1
7585,6bfa46a06fc54864c56230aaf3c79e42,1,1.0,1.0,0,1,0,0,1
7596,6c33305d1461f30e67d3284b367b36c1,0,1.0,1.0,0,2,0,0,1
7615,6c4f1c8d83df5679c8e706fa960ef2e2,0,1.0,1.0,0,1,0,0,1
7622,6c8097d370dca54d43273c076df3f905,1,1.0,1.0,0,1,0,0,1
7635,6cc98769c405e970598f8a2b06678368,0,1.0,0.5,1,1,0,0,1
7641,6cd4b3af304d32aefeb446632209c00d,1,1.0,1.0,0,1,0,0,1
7652,6d02e41c8e9947497e07f058a3f58180,0,0.8333333333333334,0.6666666666666666,2,4,1,0,5
7721,6d10343865a561ed94f42f7f11e193b5,0,1.0,0.0,1,0,0,0,1
7725,6d1635dc013afbcd32cbf263fefd1da2,0,1.0,1.0,0,1,0,0,1
7738,6d66d3af4a1e1cc0cd828bf070b9cea4,0,1.0,1.0,0,1,0,0,2
7759,6d72103921deb3f259ad4f3b5010d645,1,1.0,1.0,0,1,0,0,1
7770,6e4214a92f2f666f39cab4f3f85552a1,1,1.0,1.0,0,1,0,0,1
7776,6e488a2cd37d0be31525956b781329ef,0,1.0,1.0,0,1,0,0,1
7785,6ebd67ba68c521c86d797a1c439d6de9,0,1.0,1.0,0,1,0,0,1
7789,6ed0c8f06d0e3853edafbea251c85e23,0,1.0,1.0,0,1,0,0,1
7795,6ed6795bd1ceb8e34090bab0abe5d427,0,0.5,1.0,0,1,1,0,1
7806,6f227f1eed0b0a2d593c2393191465d7,0,1.0,1.0,0,1,0,0,1
7813,6f85b2697597c8fbcfd59ac98452fbbd,1,1.0,1.0,0,1,0,0,1
7824,707b28277600d533b82416346e1e0c03,0,1.0,1.0,0,1,0,0,1
7831,707c3d0d8b21bdc7589361f41a64624a,0,1.0,1.0,0,1,0,0,1
7837,70a531dec42819345490a13d996c2c02,0,1.0,1.0,0,1,0,0,1
7856,71bc35c99af9dc4764efddef3507c7f6,0,1.0,1.0,0,1,0,0,1
7875,72ba1daf18a4f8d055f638a01e0ce00f,1,1.0,1.0,0,1,0,0,1
7892,72ddc089f598099bef84a1d427453518,0,1.0,1.0,0,1,0,0,2
7901,7330db2476147855496e9baf3c68fa1f,1,1.0,1.0,0,1,0,0,1
7921,7358e98fcaee5650976f24757afaee80,0,1.0,1.0,0,1,0,0,1
7926,73a754cf72593344bcd2412c1c24975b,1,1.0,1.0,0,1,0,0,1
7950,73e6e088d9488e7282bb8401c9e1dd8c,1,1.0,1.0,0,1,0,0,1
7973,74211274966334ab67e873e978419c5a,0,1.0,0.5,1,1,0,0,1
7979,7446531cc6fc95e443b3b10e37ee41c3,0,1.0,1.0,0,1,0,0,1
8001,746355602a97e0c70015a35f67a96f71,1,1.0,1.0,0,1,0,0,1
8028,747b98f5b9a90cabcc4ac3ff2840fb46,0,1.0,1.0,0,1,0,0,1
8038,74b4605360487e1fd352f818a7f28129,0,1.0,1.0,0,1,0,0,1
8052,74bd56df483092f61846d1ebd02b2536,0,1.0,1.0,0,1,0,0,1
8061,7520b85fc31f422a5f6531ec8004bf94,0,1.0,1.0,0,1,0,0,1
8069,75c4f78f115de72ae4a0d456d03f7529,0,1.0,1.0,0,1,0,0,1
8076,75e3b90cb9981e0f1fb2ed830082ea47,0,1.0,0.5,1,1,0,0,1
8085,75e92ba9628c247b79a4172ab5d7bbe5,0,1.0,0.5,1,1,0,0,1
8117,769e151ca90161c3fabb9201fef80d1a,0,1.0,1.0,0,1,0,0,1
8122,76fe70e7bdbb37ae744fce3af3dce538,0,1.0,1.0,0,1,0,0,2
8132,778db99f685b5fa7e8ab7fe0ca3b04b2,0,1.0,1.0,0,1,0,0,1
8145,778debf52fcae3fbb12a48895458de51,0,1.0,1.0,0,1,0,0,1
8151,780942ac87621f10088d6a48fd3e1e6c,0,1.0,1.0,0,1,0,0,1
8158,7812c9accce8c30ca1f476f9bcf64914,0,1.0,1.0,0,1,0,0,1
8164,785f2edf4f847733164fd462c1e53eed,0,1.0,1.0,0,1,0,0,1
8170,786a751a12adb8e6f424e522319e1231,0,1.0,1.0,0,1,0,0,1
8191,78f13526411c5a1aa4db7aaaa7fe853f,0,0.2,1.0,0,1,4,0,1
8209,7938947afcc7548697b95f5a6239ebb0,0,0.0,1.0,0,1,2,0,0
8214,7988a524a469e5482af64d5cae1e556f,0,1.0,0.0,0,0,0,0,1
8216,79bcd342e50f3d187104aa2849b51375,1,1.0,1.0,0,1,0,0,1
8240,79f8cf6ce571f244b48b0d9132fc168b,0,1.0,1.0,0,3,0,0,1
8265,7aa38e21f89ff1055e61790c4dee4085,0,1.0,1.0,0,1,0,0,1
8272,7b16286bd9dc0c70b946686e2acdf469,0,1.0,1.0,0,1,0,0,1
8281,7b86433951831429fc9a935625c31f77,0,1.0,1.0,0,1,0,0,2
8358,7c172280a985eae7ad5b90b4977cae01,1,1.0,1.0,0,1,0,0,1
8376,7ca83bec7b758eaa006f3b6fdb3bd2a5,1,1.0,1.0,0,1,0,0,1
8383,7dffb5890365745ed06dced70db09ad0,0,1.0,0.0,0,0,0,0,1
8385,7e0c563669194b3ae6794c0921fdc195,0,1.0,0.0,0,0,0,0,1
8395,7e17829428af94540036cd0c32451b61,0,1.0,1.0,0,1,0,0,1
8412,7e21c83d1a2ad5c1cddd599478467a89,0,1.0,1.0,0,1,0,0,1
8420,7ec7d876fc0b0a266f0bbe7f1e086f16,1,1.0,1.0,0,1,0,0,1
8437,7f132284f2c53ef1d6c3b63f97a15bde,1,1.0,0.5,1,1,0,0,1
8451,80584b0d93d611a6fe7778907d7df02c,1,1.0,1.0,0,1,0,0,1
8473,807a38fcff8eb664c9ffb059bd89bc35,0,1.0,1.0,0,1,0,0,1
8495,80db5265ec07c224f0f32e53e1cad09b,0,1.0,1.0,0,1,0,0,1
8499,80e035ec21699e3862193adabe703bc8,0,1.0,1.0,0,1,0,0,1
8502,8139195f21348897ab019c71872c76e3,0,1.0,1.0,0,1,0,0,1
8514,81d7b7d89e06767d80a1aba25e4e3609,0,1.0,1.0,0,1,0,0,1
8526,821444cb337f85c41d9c4f1f057a26fc,1,0.5,1.0,0,1,1,0,1
8555,821abef4e323933a74c6bed01a7b89a2,0,0.6666666666666666,1.0,0,1,1,0,2
8570,822224080b77fceb948b2c323cd95fbf,0,1.0,0.0,0,0,0,0,1
8572,829ecc5ca524bdfcfe1b1e7f21d1f9c7,1,1.0,1.0,0,1,0,0,1
8605,82e7a8b7a900896b582e98b1fc8e3367,0,0.0,1.0,0,1,0,0,0
8610,8314aa5b02faee1547c149df74112729,0,0.5,1.0,0,1,1,0,1
8632,831944d3be354b35c7f47854d72096bd,0,1.0,1.0,0,1,0,0,1
8637,833489856a3cc8840d47a2c1cadda36d,0,1.0,1.0,0,1,0,0,1
8641,835cd46f88d2757fa3551ee0acf12b45,0,1.0,1.0,0,1,0,0,1
8645,83771fd0efeb170f450b6eb291794c3b,0,1.0,0.3333333333333333,2,1,0,0,1
8658,838d4f113bf9bc1edf7d845f7c2dc43e,0,1.0,1.0,0,1,0,0,1
8674,83cf5f5241e85c4250279a9e47c140ba,1,1.0,1.0,0,1,0,0,1
8689,83d8dd0b91a9ac1e25dc3a3989559c05,1,1.0,1.0,0,1,0,0,1
8698,841814b648257ddd7ade91f17bd78301,0,1.0,1.0,0,1,0,0,1
8808,848a6eee7f07a2cc1059605b691c4283,1,1.0,1.0,0,1,0,0,1
8822,84a7354f7a77575b7771689acdd6ec20,0,1.0,0.5,1,1,0,0,1
8831,84cb771d0fc432151d11d6e7a40ee0d1,0,1.0,1.0,0,2,0,0,1
8859,84e6a179f99783cbeeacf7937377cb50,0,1.0,1.0,0,1,0,0,1
8864,8516a2ec257c9f23d92c7e31fbdd7513,0,1.0,0.5,1,1,0,0,1
8872,85ecbdf860da503c0690c9075206d1e8,0,0.0,0.0,0,0,1,0,0
8875,86b9a058b3c7868069082bcb3ed25ef4,1,1.0,1.0,0,1,0,0,2
8902,871e8c260d34f08f6d357f02155d3843,0,1.0,1.0,0,1,0,0,1
8908,8737985b55e9d3e859bdd9d52a123db4,0,1.0,1.0,0,1,0,0,1
8916,8778571a0790a8695a3e4d702962938b,0,0.3333333333333333,1.0,0,1,2,0,1
8938,87d447e36b196fb02624aa4af154048f,1,0.5,1.0,0,1,1,0,1
8947,87e610862504ba1b10aac5138bb8cd01,0,1.0,1.0,0,2,0,0,1
8973,87f1b1447b0ddaff0fa63cddbe85f4e7,1,0.0,1.0,0,1,1,0,0
8981,89006c21dbd57e1618ebffb65d145450,1,1.0,1.0,0,1,0,0,1
8995,891f5d37673b8b91eaf4e3bb8d111f43,0,1.0,1.0,0,1,0,0,1
9003,893a0c4f0f803966e27b255f00a71103,0,1.0,1.0,0,1,0,0,1
9017,893dfa8dfcb3aa9a632e79ccff6f4584,1,0.5,1.0,0,1,1,0,1
9030,899c9d3d21039b01a2bbe63211cdbed0,0,1.0,1.0,0,1,0,0,1
9035,89bf8ed9af86f1e2ada66180b4cc1d95,1,1.0,1.0,0,1,0,0,1
9051,8a0638b2adda33ceaa61aa261a66a3ed,0,1.0,1.0,0,1,0,0,1
9058,8a0fc920b6ce0011db19bed1c3ebaa35,1,0.6666666666666666,0.6666666666666666,1,2,1,0,2
9091,8a363411a5e4e2cdeebf01095b156ee4,1,0.5,1.0,0,1,1,0,1
9155,8a537c5f1ba279e92f68d14c29da262a,0,1.0,1.0,0,1,0,0,1
9162,8a54ae2d2fc297f61a63443d4f070869,1,1.0,1.0,0,1,0,0,1
9179,8b0532c4cf4086d43f2c1bcbeeb945a3,0,1.0,1.0,0,1,0,0,2
9210,8c8e15a30bee4f2f38197c2fae342d79,0,1.0,1.0,0,1,0,0,1
9216,8c9766660bf84148c2eab4fcb4d6f8ef,0,1.0,0.0,0,0,0,0,1
9219,8ca5d6fc5af82174a484ba6dc7ff6fc6,0,1.0,1.0,0,1,0,0,1
9229,8cf789a4f14413c7ac58d3b6e8442cd0,1,1.0,1.0,0,1,0,0,2
9239,8d23cbbdc5e6d68c0a181cee6fab677d,0,1.0,1.0,0,1,0,0,1
9248,8d98eba8da4d25e9a385bd0960ea9e24,0,1.0,0.0,0,0,0,0,1
9250,8dcec6fa577495987c95c2ea82c70bb8,0,1.0,1.0,0,1,0,0,1
9258,8e2262cfc8f1d56eb15b7946793e6267,0,0.5,1.0,0,1,1,0,1
9263,8e41dac4313f80f2dd619b3de9159a28,1,1.0,1.0,0,1,0,0,1
9271,8e5425243cd74edecf4c042b9a3fc52e,0,1.0,1.0,0,1,0,0,1
9276,8e5ac6b0656d946a0e8b7d959a9f1926,0,1.0,1.0,0,1,0,0,1
9281,8ed5fab9fe953b0224c4eece466ec4f3,1,1.0,1.0,0,1,0,0,1
9301,8f101b4972c3d1054470ae652f28e189,0,1.0,1.0,0,1,0,0,1
9330,8f2cf06465717d43a9e467baaf510feb,1,1.0,1.0,0,1,0,0,1
9353,8fac691a54a01547b5deaf8842d7b518,1,1.0,0.4,3,2,0,0,1
9410,8fe7fdfe5927e748a5f6d656228249a1,0,1.0,1.0,0,1,0,0,1
9420,8fef4cff78648d43297da347074a3e24,0,0.5,1.0,0,1,1,0,1
9426,909a16b970adfbd89fcb845f8e12d230,1,1.0,1.0,0,2,0,0,1
9468,90b81ad483767f4b2151e5c7edeb27d0,0,0.5,1.0,0,1,1,0,1
9474,90ddc3748676b60b396603c38926b273,0,0.0,0.0,0,0,1,0,0
9477,90e7a324a520fc15e8acec664e9996ab,0,1.0,1.0,0,1,0,0,1
9484,913098fa626486f5bd2b839c6af1523c,0,1.0,1.0,0,1,0,0,1
9492,915e47f102eca5afb029fa69daea279f,0,1.0,1.0,0,1,0,0,1
9496,91a25edc35593c212e41f248fd113f09,0,1.0,1.0,0,1,0,0,1
9508,91ae383082136af9dd18daba9b401160,0,1.0,1.0,0,1,0,0,1
9515,91f561fce4a13388d4ab0a2996cb56f0,0,0.5,1.0,0,1,1,0,1
9522,92124dfad792c0fc6ed888640097b6ae,1,1.0,1.0,0,2,0,0,1
9602,925126d4e7d3d24ed3ba9f1c01474e29,0,1.0,1.0,0,1,0,0,1
9633,93715f94afb115c516d12c1937b4f1d7,0,1.0,1.0,0,1,0,0,2
9670,938c8fcc39db7c208cfec1ec968deea6,0,1.0,1.0,0,1,0,0,1
9676,940a010cd7c27c56d1b137e3126587de,0,1.0,1.0,0,1,0,0,1
9680,943fef8be6868271d6c55274eb9a4ce1,0,1.0,1.0,0,1,0,0,1
9696,949adc6cf6c2ad975f24463f2f958def,0,1.0,1.0,0,1,0,0,1
9703,951ee6711c16d33ab61db1df9ad9d5ca,0,1.0,1.0,0,1,0,0,1
9710,9534a9f95ed14544617afd68468e1d2e,1,1.0,1.0,0,1,0,0,1
9725,953b6b4027970736b3fbb1cb4829ea9e,1,0.6666666666666666,0.2,4,1,1,0,2
9858,95a99ca6cfc652200e1deba19d44d230,0,1.0,1.0,0,1,0,0,1
9868,95bf9c7b6b06874f4179f4c7abd37f63,0,1.0,1.0,0,1,0,0,1
9889,95e7c959d7d39be0a965e9e315906fed,0,1.0,1.0,0,3,0,0,2
10122,962e8caab527a3d2933c1b2571eed65d,0,0.0,1.0,0,1,0,0,0
10125,96b279023bfc0100152a907e8c69ca93,0,1.0,1.0,0,1,0,0,1
10131,96e26d4099aa474043dec9611cd4c408,0,1.0,0.25,3,1,0,0,1
10223,96efc98b55ee2ccad65b96d710e18b60,0,1.0,1.0,0,1,0,0,2
10247,97002179379ab40ceb28877c0c2a51eb,0,1.0,1.0,0,1,0,0,1
10251,9707b182a5df0491c59e62fca2b1f021,0,1.0,1.0,0,1,0,0,1
10267,97309235dfe4503a3a97a74504b0c779,0,1.0,0.5,1,1,0,0,1
10274,976f01a30bedaa13cd547aa7963652b6,0,1.0,0.0,0,0,0,0,1
10276,976fade49ab72e45e8b094366e9f18ae,0,1.0,1.0,0,1,0,0,1
10283,981a5f2842f0ddcdd6065b13ba302662,0,0.5,0.25,3,1,1,0,1
10292,9843952528b0c5befa672d946c48f801,0,0.3333333333333333,1.0,0,1,2,0,1
10310,98bdf70a4fc9c54661f32cca33f08816,0,1.0,1.0,0,5,0,0,1
10318,98fc4ef6c366be459ff541fafa558acc,0,1.0,1.0,0,1,0,0,1
10332,993319752a12d6cdfd1b877c0a410981,0,0.5,1.0,0,1,1,0,1
10345,99ae31591d5029b13d0575c3cda34b8e,0,0.5,1.0,0,1,1,0,1
10360,99ef82d30ca5bac301e2ccc9af9c2dde,0,1.0,1.0,0,2,0,0,1
10425,9a3cb015b64e79f0d956be0e570ffb24,0,0.0,1.0,0,1,0,0,0
10607,9a52cf418ad2a4261777f64bb60dd365,0,0.0,0.0,0,0,1,0,0
10615,9b05a3e42023b1d9ee63bb485c4b86fd,0,1.0,1.0,0,1,0,0,1
10826,9b2a689e53fadada7cfc6678bd6d3b8f,0,1.0,1.0,0,1,0,0,2
10848,9ba8511fc2b376c071807733975a0c6b,0,1.0,1.0,0,1,0,0,1
10853,9bcb96bbd74d6ff2935f5a0750c74d0a,1,1.0,1.0,0,1,0,0,1
10860,9c00b5f662b4135c2c5a40321591604d,0,0.5,1.0,0,1,1,0,1
10916,9c02dc262d403927b3e0c78ff498fa38,1,0.3333333333333333,1.0,0,1,2,0,1
10930,9c4b8ec536508a6c1cf9ab66f4200589,0,1.0,0.25,3,1,0,0,2
10970,9c77dda60b3d6e76d4b53723b59c8657,0,1.0,1.0,0,1,0,0,1
10983,9c8895003fc345d609d3e3eb14d64a81,0,1.0,1.0,0,1,0,0,1
11100,9c8ff5be1f338695ae9cfaf71825c1b7,0,1.0,1.0,0,1,0,0,1
11166,9cd6435dd8746424fa9ec666d404eefc,0,1.0,1.0,0,1,0,0,1
11179,9e320986489d0baeab6b7533b095a9d8,0,1.0,0.0,0,0,0,0,1
11182,9eff5e97f0d2610860d51e66af22b913,0,1.0,1.0,0,1,0,0,1
11186,9fc04d9217ecbb735897430654b85ff9,0,1.0,1.0,0,1,0,0,1
11230,9feb663e008b9a8187ace8dbc2f7d6b4,0,0.0,1.0,0,1,2,0,0
11247,a025f7dc8c09f599c3301673cba6df10,0,0.0,1.0,0,1,0,0,0
11250,a0382d88b1b3e83c2e17431033f8135e,0,1.0,1.0,0,1,0,0,1
11267,a116db43c30b3def840d39bcc0b4d771,0,1.0,0.5,1,1,0,0,1
11282,a15edc94ff08f36f2cee7d4ebef5a6a3,0,1.0,1.0,0,1,0,0,1
11290,a1ac89e45a6ecd464bda47f12d2ec349,1,1.0,1.0,0,2,0,0,1
11345,a1e30364fb437290e2ba9d40907b1e73,0,1.0,1.0,0,1,0,0,1
11352,a1eb5939a9b47d5e67cc8b03d28701e8,0,1.0,1.0,0,1,0,0,1
11357,a205accf7283253710380d5869f432fd,0,1.0,1.0,0,1,0,0,4
11367,a222ddadbb868f4cf420f234b8f289f5,0,1.0,1.0,0,1,0,0,1
11371,a22abda7a39d747ab674cd13224b375a,1,1.0,1.0,0,1,0,0,1
11406,a23a2974a70882b4bd66da405a2b80a5,0,1.0,1.0,0,1,0,0,1
11424,a278d265aed003fd5b195de3ae6140f4,1,1.0,1.0,0,1,0,0,1
11476,a28996167bafacc3b8bb2faeac685426,0,1.0,1.0,0,1,0,0,1
11494,a2a8a4e98c233aa86d5b34de7ba6f1d3,0,0.5,1.0,0,1,1,0,1
11504,a2f519b693092432418dfdbd2a4f4b27,0,0.0,0.0,0,0,1,0,0
11514,a3159138ac8676774458788b908b13dc,1,1.0,1.0,0,1,0,0,1
11544,a36f9c3e8bcc3c6ac7ee75f9e08c1deb,1,0.3333333333333333,1.0,0,2,4,0,2
11581,a3a6f7a1f0a696ba44ab1d2017d30ba6,1,1.0,0.5,1,1,0,0,1
11600,a3e37fd1d509e569750028160a11eef5,0,1.0,1.0,0,1,0,0,1
11605,a417496b0f8b0f4d4440187f26b8cb93,0,1.0,1.0,0,1,0,0,1
11615,a46e221406b41ce7511ca74b32e9c884,0,1.0,1.0,0,1,0,0,1
11631,a4933d8ad8fe82f84a8edc1cd10b7863,1,1.0,0.5,1,1,0,0,1
11685,a4ac16a65dd32ee634dcf47c41a26f3f,0,1.0,1.0,0,1,0,0,5
11713,a528cce04679dc6316925041fda7db8e,1,1.0,1.0,0,1,0,0,1
11748,a54cc0eaca2cd4f351fa8f971495e963,1,1.0,1.0,0,1,0,0,1
11778,a5607dfe49110ac2a5deb0c90e7d29c7,1,1.0,0.5,1,1,0,0,1
11794,a573b9eb99f9740d70a649f5c70b4bbc,0,1.0,0.25,3,1,0,0,1
11803,a59e4025c1bb226294c748d3f035ce2d,0,1.0,1.0,0,1,0,0,2
11818,a6817108396d1fa6a480424ed8a07c41,1,1.0,1.0,0,1,0,0,1
11848,a809f5b548d95345ae4a22fcfe23eece,0,0.0,1.0,0,1,0,0,0
11855,a8a450678cb10862acf4cd3f668e8ad5,0,1.0,1.0,0,1,0,0,1
11941,a95a99c3c419db1a6537e72e90de212e,0,1.0,0.3333333333333333,2,1,0,0,1
11949,a96e4ed01f5d304d8e44c86b405d4f46,0,1.0,1.0,0,1,0,0,1
11954,a99c81d9b8429d447fb7bf10f0303778,0,1.0,1.0,0,1,0,0,1
11957,aa44197c26cbb265ea6a2689dec92a70,0,1.0,0.0,0,0,0,0,1
12005,aabfc194d13a045e54743cff0bce595b,0,1.0,0.6666666666666666,1,2,0,0,2
12019,aae9da3e4886f064c8761202132dec19,0,0.0,0.0,0,0,1,0,0
12021,aafa71d20b762d550d154efdb185da18,0,1.0,0.5,1,1,0,0,1
12026,ab48659559affb5671813091c363e359,1,1.0,1.0,0,1,0,0,1
12046,ac5068a8a165582a1d4bb992527ae5a4,1,1.0,1.0,0,1,0,0,1
12060,acd0b647e95e1f0f2084112aca0dd532,1,1.0,1.0,0,1,0,0,1
12072,ad2c1fd52361cc4d1f913fccb877eb9c,0,1.0,0.5,1,1,0,0,2
12089,adf1d29908cb27b2309ad29240e9ad3d,1,1.0,1.0,0,1,0,0,1
12123,ae526acc2dd2451740108d04ccd95b17,0,1.0,1.0,0,1,0,0,1
12130,ae932c52b76c8deb61f8555f64d38490,0,1.0,1.0,0,1,0,0,1
12170,aebaf73ed9f8878183d0947eab2d34c5,0,0.3333333333333333,1.0,0,1,2,0,1
12217,af0747383988dcf94429e92fbe10ebce,0,1.0,0.5,1,1,0,0,3
12228,af72cc03509045536d463317e73ee425,0,1.0,1.0,0,1,0,0,1
12233,afa1317dfa7054ecf957cbd5558084f9,0,1.0,1.0,0,1,0,0,2
12279,aff59a6c7c73003a5a0c8d3ee7e3ca44,1,1.0,1.0,0,1,0,0,1
12289,b06593178ee0dfe4cc2d8d96659faffb,0,1.0,1.0,0,1,0,0,1
12294,b0a4d2c2cbc1e93893bed7df8c016b39,0,1.0,1.0,0,1,0,0,2
12306,b0bfd7164148dd944048762123e4d559,0,1.0,1.0,0,1,0,0,1
12324,b10e7150d93e6ef244286da36fb38220,0,1.0,1.0,0,1,0,0,1
12348,b1179912740624ef86d49a2036152f94,0,0.0,1.0,0,1,0,0,0
12353,b14a194939b3ac8b4808461c9a08f4fc,1,1.0,1.0,0,1,0,0,1
12364,b1597273915d78f7c0bcac794e26c5ae,0,1.0,1.0,0,1,0,0,1
12376,b1e48dbcb3e6f3e05691df041028e448,0,1.0,1.0,0,1,0,0,1
12380,b2368b598c04638b93d2d2791b6d91a0,1,1.0,1.0,0,1,0,0,1
12403,b28cc231d9fd8bb6f4ab272c053c9943,1,0.0,1.0,0,1,0,0,0
12410,b3120c57d714e776f048836d64cfafcd,0,1.0,1.0,0,1,0,0,1
12421,b334629b3615e3195cc8e052bf3d7c9e,0,1.0,1.0,0,1,0,0,1
12432,b3b25e224b961d410151a64011aff345,0,1.0,1.0,0,1,0,0,2
12489,b4135513e6b833207675123cd72d8e38,1,0.5,1.0,0,1,1,0,1
12506,b474fa09bfe5955f4f71513a9dca6540,0,1.0,1.0,0,1,0,0,1
12516,b5784c46e8e323386dd25b2ae45d0d75,0,1.0,1.0,0,1,0,0,1
12525,b58466f0302ba0e51063a9711f153e51,0,1.0,1.0,0,1,0,0,1
12593,b5dd3506c3678f169c52811c9307ab92,0,0.6666666666666666,1.0,0,2,1,0,2
12605,b675d2d7060f1305ccb7d00eea3a4517,0,1.0,0.5,1,1,0,0,1
12616,b701f724e2c62d8adbaa7da3cb1d23c6,1,0.16666666666666666,1.0,0,1,5,0,1
12641,b75ab0264a9478dc6e2638acc7d22394,0,1.0,1.0,0,1,0,0,1
12648,b761b8124df0bb6112805d1a39a580f0,0,1.0,1.0,0,1,0,0,1
12656,b79bfee22a00c06d0bcabfd9c8b76298,0,1.0,1.0,0,1,0,0,1
12660,b7d310e44eb24665272181551391de58,0,1.0,1.0,0,1,0,0,1
12684,b87680fcd7591ef94bcb007279bb21b3,0,1.0,1.0,0,1,0,0,1
12698,b8c3c2fbd0d6a79bb89323ac179d4b5d,0,1.0,1.0,0,1,0,0,1
12744,b8e336d9a73a809c602c7021bf14e4df,0,1.0,1.0,0,1,0,0,2
12765,b994cb4bd37003a83b9947b793f80398,0,1.0,1.0,0,1,0,0,1
12802,ba5d99c38c15a90679cfcd708a01aba2,0,0.0,1.0,0,1,0,0,0
12805,bab61fbbec6c89de424e5f713401b195,0,1.0,0.5,1,1,0,0,1
12819,bb65c757c9fcab43920e946789c52624,0,1.0,0.5,1,1,0,0,1
12834,bbd81df0ff701b061fabe28619003465,0,0.0,0.0,0,0,1,0,0
12844,bc43540f31f642f51570081a20177f57,0,1.0,1.0,0,1,0,0,1
12860,bc4721bb59f661841b95939cdb890eea,0,1.0,1.0,0,1,0,0,1
12867,bc5f1054ed01c7909dffd0edd3702a23,0,1.0,1.0,0,1,0,0,1
12882,bd8a568ac09eb8eb6507b92686bee52b,0,1.0,1.0,0,1,0,0,1
12891,bdec393e520e188e2fafa7c829c94000,0,1.0,1.0,0,1,0,0,1
12909,be111d2d44627a1806a1bb7290002298,0,1.0,1.0,0,1,0,0,1
12916,bea1a489fbc7415ecef9c4869a0a9c9b,1,0.5,1.0,0,1,1,0,1
12925,beba829454e49d5a2d89e42bc67f01c0,0,1.0,0.3333333333333333,2,1,0,0,1
12931,bf09c5c7ec55abb5bb327817f0f115f5,0,1.0,1.0,0,1,0,0,1
12938,bf4db157734a34d96769fc23dc02afc7,0,1.0,0.5,1,1,0,0,1
12944,bf6f5c66e2438576cc4852345313fe55,0,1.0,1.0,0,1,0,0,1
12994,bfd5e9916d95a82d254be83c37ca9640,1,1.0,0.3333333333333333,2,1,0,0,1
13013,bfd941328b8f1e73dab04a65fcbe2f95,0,1.0,1.0,0,1,0,0,1
13043,c003207d778544ae385fdd7decdb2793,1,1.0,1.0,0,1,0,0,1
13057,c0776d7c658e06a34689911c42f18794,0,1.0,1.0,0,1,0,0,2
13110,c07bbdfcd5f37268d77e5001da07af35,1,1.0,1.0,0,1,0,0,1
13130,c0b5d24cf149f2eca81332ead49a4108,1,1.0,1.0,0,1,0,0,1
13147,c0bb6a629e7187bf8648daf662b74524,1,1.0,1.0,0,3,0,0,1
13165,c0ce0b06f849d0a75dc3f2e69c87b0b6,1,1.0,1.0,0,1,0,0,1
13216,c1124288d115756e5e0215f7e5c9224c,1,1.0,1.0,0,1,0,0,1
13238,c17cb046db13d5e22aee9d5c1eaeb1ca,0,1.0,1.0,0,1,0,0,1
13252,c19ce293fc13c2bac4a88e330d452208,1,1.0,1.0,0,1,0,0,1
13264,c1a2ab14f6f771ed1f19c1f7afb65dfa,1,0.5,1.0,0,1,1,0,1
13281,c1e396da9a9a693deec0094807def3e8,1,0.5,1.0,0,1,1,0,1
13291,c26cfd644e50b42f674723b394e49cf6,0,1.0,1.0,0,1,0,0,1
13314,c28b9b478e9c2a0daf8b211c348411c4,0,1.0,0.0,0,0,0,0,1
13316,c32648d695ecdd1eb60864bd859b98cf,0,1.0,1.0,0,1,0,0,1
13326,c3908c0f0394e5425840574307a19d19,0,1.0,1.0,0,1,0,0,1
13331,c3b0c4059b672a1d443a996e0742cd2e,0,1.0,1.0,0,1,0,0,1
13343,c3b39b9ca838b10e13e86ddd5c91af7c,0,1.0,1.0,0,1,0,0,2
13368,c3c7c58523cf4c14bbd16e61b13d6575,1,0.0,1.0,0,1,0,0,0
13375,c3d3505329701091e6ffc9364eca0e4d,0,1.0,1.0,0,1,0,0,1
13390,c3f069232f632f488adf7d12bd85d1d8,1,1.0,1.0,0,1,0,0,1
13403,c52560f4891e575d1dd217499a905c64,0,1.0,0.5,1,1,0,0,1
13415,c573aacfccf74edfc810630cdd7b3889,0,0.5,1.0,0,1,1,0,1
13420,c5b67b025370320e16d1ec4ee69c086d,0,1.0,1.0,0,1,0,0,1
13433,c67290d72ec2974aba0f3975c1773405,0,1.0,1.0,0,1,0,0,1
13438,c67bc949be8e2bc19bd5f1caab790d29,0,1.0,0.3333333333333333,2,1,0,0,1
13445,c76c55600846191b08a2f66399c97121,0,1.0,1.0,0,1,0,0,1
13469,c770656ba1992174f3b6619114830d16,1,1.0,1.0,0,1,0,0,1
13477,c7e2473c176ca8f144757691b7023c3f,0,0.5,1.0,0,1,1,0,1
13484,c86159d475d79be2703ff5c0802fe680,0,1.0,1.0,0,1,0,0,1
13492,c86c4c96e5377a9f5f1f48b8431346d8,1,1.0,1.0,0,1,0,0,1
13519,c88aebef8d6337c3ab4c04be6853976a,0,1.0,1.0,0,1,0,0,1
13585,c952231e6ea12e2bdd6f735453422008,1,0.6,1.0,0,1,2,0,3
13642,c95c777785faec8dd910d019d7278ebe,0,0.5,1.0,0,1,1,0,1
13651,ca50c21a87b9c1f8d8fced74ea09c584,0,1.0,1.0,0,1,0,0,1
13658,ca79374cbefb71b9bdfdc7151c0c5ccf,1,1.0,1.0,0,1,0,0,1
13695,cb02d112cccb1d9196b2774d10a5c4f0,0,1.0,1.0,0,1,0,0,2
13701,cb659619a5988a491e24422c1aae7dea,0,1.0,1.0,0,1,0,0,1
13734,cb684e33cbd1c8233bce4032afc96d55,0,1.0,0.5,1,1,0,0,1
13749,cbe503bf7bfcfdf8b7d1315198e06313,1,1.0,1.0,0,1,0,0,1
13755,cccb821a913e3c02243aa05cd8b6544c,0,1.0,1.0,0,1,0,0,1
13761,ccfc868a3b67037fe3e90dfd1e867d2d,0,1.0,1.0,0,1,0,0,1
13770,cd1438144a68cb7599bae36706b5038c,0,1.0,1.0,0,1,0,0,1
13780,cd4e32833318c52890435bb93291a327,0,1.0,1.0,0,1,0,0,1
13784,cd56cddd5f11f001d50e30060ee78876,0,1.0,1.0,0,1,0,0,1
13799,cdb1d88be5d59a03e80c95d2a021f728,0,0.5,1.0,0,1,1,0,1
13804,ce0cf47f5afc08b5d23269d6d47768af,0,1.0,1.0,0,1,0,0,1
13818,ce1f9af4fb19ff87ef17e2ae6ff1a45a,0,0.6666666666666666,1.0,0,1,1,0,2
13834,ce3e5edb71baee282433c98abd4e6bf3,1,1.0,1.0,0,1,0,0,1
13858,ce5e12da979c5968f141f3aa9df94575,0,0.0,0.5,1,1,0,0,0
13866,ce84e058130e085513f0455bc725865e,0,1.0,1.0,0,1,0,0,1
14077,cef3c13a885053350dd68b3ce64eddc7,1,1.0,1.0,0,1,0,0,1
14091,cf35fa431a2d895944116bcb3d9de7f7,0,1.0,0.5,1,1,0,0,1
14099,cfce0a2c5f3280e3249fdb2370a15200,0,0.5,1.0,0,1,1,0,1
14136,d09eae748c05c8e0fd699e34ac658304,0,1.0,1.0,0,1,0,0,1
14140,d0e7ee85a173c919c6fe5b3f50dea062,0,0.0,0.0,0,0,1,0,0
14143,d112222b18819efd56f5861a1f602ed2,0,1.0,1.0,0,1,0,0,1
14160,d121af0252ddffd37c9cffe7ea9136e0,0,0.0,1.0,0,1,1,0,0
14169,d15bc6f8cb2eb545b92e49d1bcee7ed6,0,1.0,1.0,0,1,0,0,1
14179,d197ed66d9d7d56a95492fd6df0814c9,0,1.0,1.0,0,1,0,0,1
14190,d1c8539f74631b57d93775e8c9fe1676,0,1.0,0.3333333333333333,2,1,0,0,1
14204,d1e49bffcac66079c0ffa353ef660c87,0,1.0,0.5,1,1,0,0,1
14220,d237ae5d89292fa9aaf6c0ac59d4ec58,0,0.6666666666666666,1.0,0,2,1,0,2
14259,d263f69b765106b7790f098edb49f17b,1,0.0,1.0,0,1,0,0,0
14278,d28d816d37fb818aae84057acb73920f,0,1.0,0.0,0,0,0,0,1
14280,d29f9eabe3c60abf6285269dc49363cf,0,0.5,1.0,0,1,1,0,1
14304,d2c8e9fd8addde95536d13f61cbfb1cc,0,1.0,1.0,0,1,0,0,1
14309,d334b13bae115c3bad366d594fe3141d,0,1.0,1.0,0,1,0,0,1
14313,d33d34f46cf73763cd4af49ec35c8823,0,1.0,1.0,0,1,0,0,1
14331,d3d5ca7fb24dc0f4f3f2a04d31e684a3,0,1.0,1.0,0,1,0,0,1
14335,d3f7cb54e2f003e58da91be561668fff,0,1.0,1.0,0,1,0,0,1
14346,d419671f5cba080699ef4d89f0f2ad3f,0,1.0,1.0,0,1,0,0,1
14355,d450657f51b43efb8388edeb957effc2,1,1.0,1.0,0,1,0,0,1
14368,d45e2d7aff34467ca7abdf1331a5ad6e,0,1.0,1.0,0,1,0,0,3
14380,d4bdb90298b91a903a3a698b6360093e,0,1.0,1.0,0,1,0,0,1
14388,d545e0069a53fcc868e01726663cd449,1,1.0,1.0,0,1,0,0,1
14502,d71492286214a66398901a7ad5ac2db4,0,1.0,1.0,0,1,0,0,1
14521,d719aa7ad95c2a2443c319e9ab4f99e3,0,1.0,1.0,0,1,0,0,1
14531,d71fbdc7a3f3076709b6529a3cb78d03,1,1.0,1.0,0,1,0,0,1
14546,d75348c0146c91293112cdda226af9e3,0,1.0,1.0,0,1,0,0,1
14554,d7c4af4c0b35871fba7967ab56458584,1,1.0,1.0,0,1,0,0,1
14565,d7dc83b1c90f8c2432b09405039cc556,0,1.0,1.0,0,1,0,0,2
14572,d7e3e10cd20069ef853b759ae4910814,1,1.0,1.0,0,1,0,0,2
14585,d7f841d27002185c8d2a00cfebd57088,0,1.0,1.0,0,1,0,0,1
14593,d8a1cb4990bc3a63c5657bd9ae0334a8,1,1.0,1.0,0,1,0,0,2
14627,d97569a26b47b089e4ab0bce7012a12e,0,1.0,1.0,0,1,0,0,2
14640,d9aa520e805cb82fb8606d6e2f15278c,0,1.0,1.0,0,1,0,0,1
14648,da11b3720191b555d0c65e08a88334b1,1,1.0,1.0,0,1,0,0,1
14670,da5756ccf5b65b77a6fdf6bca5587f96,0,1.0,0.3333333333333333,2,1,0,0,1
14680,da823e0efb16f00e73e2cbf1d8951649,0,1.0,1.0,0,1,0,0,1
14684,db61a6c9d22f4fdab79d439095d667c5,1,1.0,1.0,0,1,0,0,1
14702,dc43c4c220c39edd707bd320a635c1cc,0,1.0,1.0,0,1,0,0,3
14712,dc6b9f0b51315d5c1d16df9dbe1b5195,0,1.0,1.0,0,1,0,0,1
14720,dcdf7b85f0df1d5a07098c8f3b623837,1,1.0,1.0,0,1,0,0,1
14729,dce56a898f7c104b27cd482b8f95da46,0,1.0,0.14285714285714285,6,1,0,0,1
14752,dce57d89ddc943bb268e3a2bcd8b91c0,0,1.0,1.0,0,1,0,0,1
14766,dd05a78146115c9fedb48b48aa75e12f,0,1.0,1.0,0,1,0,0,1
15087,dd5fcfdf197c16b84046ea84c8687f7e,1,1.0,1.0,0,1,0,0,1
15119,ddd4ccb36c4367289157d8870948b693,0,1.0,1.0,0,1,0,0,2
15127,dde22c502d2ad606c63a9ab56586cb9a,0,0.5,0.0,0,0,1,0,1
15199,de101601d4865f8da7da29376703941d,0,1.0,0.5,1,1,0,0,1
15215,deda6cf730683fc85007ec28dc4fed7a,1,1.0,1.0,0,1,0,0,1
15228,dedc34e3710c317acd909fc4dcbe291c,1,0.0,1.0,0,1,1,0,0
15243,df797af774fbb5af2996ef32657b643a,1,0.0,1.0,0,1,1,0,0
15252,dfb5830b3673e11fcb8a83cad2cb8a5b,0,1.0,0.5,1,1,0,0,1
15259,dfbc6fa4f770c96c831e603b2ace0a97,0,1.0,0.3333333333333333,2,1,0,0,1
15275,dfdd0c050e79fc5ad02384f4e1b8411c,1,1.0,1.0,0,1,0,0,1
15283,dff8b3ed17e463587d98dec905eb0b0e,1,1.0,0.6666666666666666,1,2,0,0,2
15322,dfff4d710576db6b7a1382116f9668ca,0,1.0,1.0,0,1,0,0,1
15327,e09b1b53416079c42a053ab9f70650c3,0,0.6666666666666666,0.0,0,0,1,0,2
15340,e18974ecd1d0cd567da9caed5d3de411,0,1.0,1.0,0,1,0,0,1
15349,e19d6ae4dddbfe66a116e23703181ccd,1,1.0,1.0,0,1,0,0,1
15358,e1a8da767850912d5f68ed469f6260ac,0,1.0,1.0,0,1,0,0,1
15378,e22ee785681a0879b7b16379ab3ae7cc,0,1.0,1.0,0,1,0,0,1
15383,e247ee7197ad00949fcc68c05ab97129,1,1.0,1.0,0,1,0,0,1
15412,e2f97b40c7f719169c99a0b5bdc04773,0,1.0,0.5,1,1,0,0,1
15419,e3fa10f09ed7f3dde7572ac6ea12ee10,0,1.0,1.0,0,1,0,0,1
15426,e4129c79c4a3c44ad671ba2e6d368122,0,1.0,1.0,0,1,0,0,2
15436,e4901fbf8da395e8303ffea56273430d,0,1.0,1.0,0,1,0,0,1
15466,e4d57f979e61c8e96675905da8cb2994,1,0.25,1.0,0,2,3,0,1
15586,e4d75e834cb12ce84d383ef6cae8e583,0,1.0,1.0,0,1,0,0,1
15592,e57284be86c596213f3e699763832ee5,1,1.0,1.0,0,1,0,0,1
15607,e5d91833609309d75bf3d081cb8e4503,0,1.0,1.0,0,1,0,0,2
15628,e623dcaac8927d8844d5894a1b256642,0,0.6666666666666666,1.0,0,1,1,0,2
15635,e682a48749055cbe81223c0552f411f1,0,1.0,0.0,0,0,0,0,1
15637,e6b6abfa21a951b91bf7049587a52735,0,1.0,1.0,0,1,0,0,1
15641,e6bcdef931529d47599ea0a0e848b644,0,1.0,0.0,0,0,0,0,1
15647,e6d239e26b1205f98c76219c3beba9a8,1,1.0,1.0,0,1,0,0,1
15668,e6ec4ecc0ff528c5e56ac9fc75e4bfea,0,1.0,1.0,0,1,0,0,1
15711,e779f690141394bd9b150e344064b2d6,0,1.0,1.0,0,1,0,0,1
15718,e7e594a3146ab202df0e04e613d00178,0,1.0,1.0,0,1,0,0,1
15764,e88c05b5e324e181597ca198308b2b4c,0,1.0,0.25,3,1,0,0,1
15770,e8e7da7d75cf791dde2c27889831b0f0,0,0.5,0.0,0,0,1,0,1
15776,e940d5d2d730e931907628695dd9b5fe,0,1.0,1.0,0,1,0,0,1
15781,e9d3ed667548f488fdd36a189a8b54a5,0,1.0,1.0,0,1,0,0,1
15786,ea6358a9d02621e67b997b4a306e3f68,0,1.0,1.0,0,1,0,0,1
15814,eab3521d51ee5571008e31328fe17699,0,1.0,1.0,0,1,0,0,1
15819,eac2cbf5205a486bd46ccb7f3e41b789,1,0.5,1.0,0,1,1,0,1
15847,eafdc0c4ded7fec64922cd93be0851da,0,1.0,1.0,0,1,0,0,1
15854,eb181759ec537fc6476ea3b7420e1758,0,1.0,0.0,0,0,0,0,1
15856,eb1a06a9837932339a7129d196eb662c,0,1.0,1.0,0,1,0,0,1
15860,eba4e8c1c66ee2e1b54ae61f0ae16190,1,1.0,1.0,0,2,0,0,1
15880,ebe31bf9734f0808775f0410bd6a0525,0,1.0,1.0,0,1,0,0,1
15886,ec512c074c16765a6573ec18bb86f191,0,1.0,1.0,0,1,0,0,1
15893,ec5b99c1c38b4e2ca2fb95547424cf75,0,1.0,0.5,1,1,0,0,1
15903,eca79eae8403062a114666a916a91dcb,0,0.5,1.0,0,1,1,0,1
15913,eca8af1b62d781deaf95e6180e7b3369,0,1.0,1.0,0,1,0,0,1
15922,ecaa0d3209681e7b14e19e35072892d4,0,1.0,1.0,0,1,0,0,1
15929,ed1ce2f1276a0eb2c8311b498d384dc8,1,1.0,1.0,0,1,0,0,1
15934,ed27b9a5970b6f7ff8a20b8c3b5adbe4,0,1.0,0.0,0,0,0,0,1
15936,ed5cba0a6896b61d6df9c4518ea0bd82,1,0.6666666666666666,1.0,0,1,1,0,2
15950,ed62d07a1d05e36ddcc53899da664782,1,1.0,1.0,0,1,0,0,1
15984,ede15df197c35705be929b5e9d787611,0,1.0,0.0,0,0,0,0,1
15991,ef0af6093e7b75dcffa56a73c842748c,0,1.0,1.0,0,1,0,0,1
15999,efdcd1c8c445b3f02792e2c14313e9b7,0,1.0,1.0,0,1,0,0,1
16005,f007782630c25e5e80bd819b0c0936c0,0,1.0,1.0,0,1,0,0,1
16022,f012d3740480146453dffe19bdcdb232,0,1.0,1.0,0,1,0,0,1
16026,f03ba132c763930a09d29df3c23f8bea,1,1.0,1.0,0,1,0,0,1
16046,f09a191538eceffbb6a1838b14022b63,1,1.0,1.0,0,1,0,0,1
16058,f0c6de14256cf637767a857313b546ff,0,1.0,1.0,0,1,0,0,1
16065,f127c98dfdfc8f762e81c623256dbc66,1,1.0,1.0,0,1,0,0,1
16079,f17ed38982e8f41c76c20ac5f1dd31b5,0,0.0,1.0,0,1,1,0,0
16083,f18c5b5b66f43b6b1294f66ab2c1e98d,1,1.0,1.0,0,1,0,0,1
16093,f1f060bb94a3b0fd381270d3898eae2e,1,1.0,0.3333333333333333,2,1,0,0,1
16109,f246efdd2b788300130fbde508cce236,0,1.0,1.0,0,1,0,0,1
16126,f24dd26af8643f2a491a01f7e25051da,0,1.0,1.0,0,1,0,0,1
16139,f2621ebfd7a0da668575b259ee04ee12,0,1.0,1.0,0,1,0,0,1
16143,f2adf57b54d705a5a2fb37ab4217e545,0,1.0,1.0,0,1,0,0,1
16160,f2debb6860a30a7c7f35eee46956a923,0,1.0,1.0,0,1,0,0,1
16166,f337f34bdde3f8424718867f882d88b9,0,1.0,1.0,0,1,0,0,1
16171,f341a5d55ed7086f92b7d590c56ffa0e,0,1.0,1.0,0,2,0,0,1
16191,f34d7d4af375d1f9ad70c397704002cf,1,1.0,0.5,1,1,0,0,1
16212,f3f26d4877df6f466294f60a8312bb95,0,1.0,1.0,0,1,0,0,1
16225,f40765f0ec0f11bbfdf99a564ce9f86d,1,0.5,1.0,0,1,1,0,1
16260,f43c632c90fdf745918055860070afb1,0,1.0,1.0,0,1,0,0,1
16265,f4429b5f7801f85f2f202f778bbb3a82,0,0.5,1.0,0,1,1,0,1
16276,f444a67287af594b73d7edd07d6a97e2,1,0.5,1.0,0,1,0,1,1
16283,f4e80167b52b270fe2f9ecd2efdcf12d,0,1.0,1.0,0,1,0,0,1
16466,f51c5064de884e6c54cd3fdf2fcfff02,0,0.5,1.0,0,1,1,0,1
16472,f556585671fd24b334c438c41d2ce790,0,1.0,1.0,0,1,0,0,1
16482,f57d02da24a18cd17a00aeddb46fa852,1,1.0,1.0,0,1,0,0,1
16502,f5d978b869b677735ae8ea2c93cc6d71,0,1.0,1.0,0,1,0,0,1
16512,f71d97f27525dd75106f9c593e31abf4,0,1.0,1.0,0,1,0,0,1
16524,f7dd33accb5bbe3c5b686ad49def2d81,0,1.0,1.0,0,1,0,0,1
16531,f7e3281d66511a50f45aa0796c4375c4,0,1.0,1.0,0,1,0,0,1
16540,f7f625cd7d5fd08b0167030efe6eb239,0,1.0,1.0,0,1,0,0,1
16549,f860cc9b8dd778c27b0af0606c20e70f,1,1.0,1.0,0,1,0,0,1
16563,f94fda42ba20f0510307fe532de1c8a6,0,1.0,0.5,1,1,0,0,1
16600,f952df3a2cd18e308c7c3cf2e20f6350,0,1.0,1.0,0,1,0,0,1
16660,fa218673a8e63669d6839eeaebaca99a,0,1.0,1.0,0,1,0,0,1
16669,fa8574e4b97ff04270a538ab8d41a287,1,1.0,1.0,0,1,0,0,1
16683,fb8dec009d03ea9b6b7d385946f68643,1,1.0,1.0,0,1,0,0,1
16694,fc67563a3f8aff829d82fd7214cf4e5b,0,1.0,1.0,0,1,0,0,1
16701,fc817111904f14d8868601ac1e1fedeb,1,1.0,0.6666666666666666,1,2,0,0,1
16771,fc8c8752c6099c69f11d3ebd7738b3bf,1,1.0,1.0,0,1,0,0,1
16784,fc8cd52c073c56ad5f635f44097de339,0,1.0,1.0,0,1,0,0,1
16794,fc8e16ce7c98f58ba309cb7fc3cd1dec,1,1.0,1.0,0,1,0,0,1
16805,fc8f0eb287a3f32c61f2504621f5ae10,0,0.5,1.0,0,1,0,1,1
16810,fc9b74bab85fdc6cbdb5b965ca9f760f,1,1.0,1.0,0,1,0,0,1
16823,fd422ac5f5772dc211a97910ea880db2,0,1.0,1.0,0,1,0,0,1
16828,fd4a11b9abba7352308fabf80c122501,0,0.7142857142857143,1.0,0,1,2,0,5
16838,fd5bc86aa11a1c4b1d17f1e78f50e4a5,1,1.0,1.0,0,1,0,0,2
16852,fdb8c0dd34b05d1f1b0eb6f1113df175,0,0.0,1.0,0,1,0,0,0
16865,fdb9c5f6193e1cc735a2c59e14882b0f,1,1.0,1.0,0,1,0,0,1
16872,fdf6855262649124354ecf8c23f31356,0,1.0,0.5,1,1,0,0,1
