,userid,Subscription Premium Cancel,Add Payment Method Success,Subscription Premium,Account History Transaction Details,Add Vehicle Success,Subscription Premium Renew,Sign Up Success,Order,Chat Conversation Opened,Add Vehicle Break,Chat Conversation Started,Email Confirmation Success,Add Payment Method Failed,Account Setup Skip,Calculator View,Wallet Opened,Account Setup Profile Skip,Sign Out,Transaction Refund,Calculator Used,Add Vehicle Failed,Sign Up Error,Reset Password Set
0,0006869712ec9841dc36234bce245203,0,1,1,1,1,1,0,0,0,0,0,0,0,0,0,0,0,0,0,0,0,0,0
6,00596aa4edee32815aaf4aad659c484e,0,1,1,0,1,0,1,1,0,0,0,0,0,0,0,0,0,0,0,0,0,0,0
14,007b54670d72df309afd87befcbb63db,0,1,1,0,1,0,1,0,1,1,1,0,0,0,0,0,0,0,0,0,0,0,0
24,0136a8eeca5d16ac1a521dd0e27ecec0,0,1,1,0,1,1,0,0,0,0,0,1,1,0,0,0,0,0,0,0,0,0,0
31,01529f53aaba5b512168d432d5650556,0,1,1,1,1,0,1,0,0,1,0,0,0,0,0,0,0,0,0,0,0,0,0
38,017f4557810b3ba165d2959c17b916b6,0,1,1,0,1,1,1,0,1,0,1,1,0,1,0,0,0,0,0,0,0,0,0
57,02697c4704fe66dad2b28c0e14499911,0,1,1,0,1,1,1,0,0,0,1,0,0,0,0,0,0,0,0,0,0,0,0
63,02f9d89fb24fad4a173477d2e85e120d,0,0,0,0,0,0,0,0,0,0,0,0,0,1,0,0,0,0,0,0,0,0,0
64,03e0c91e1163e8b80e74e586a3e666d6,1,1,1,1,1,0,1,0,1,0,1,1,0,0,1,0,0,0,0,0,0,0,0
76,0424df1cbc0b11f32e626f43fc176a4d,0,0,0,1,0,0,0,1,0,0,0,0,0,0,0,1,0,0,0,0,0,0,0
127,0448fc758d8b9a9277ff2155fe5381a5,0,0,0,0,0,0,0,0,0,0,0,1,0,0,0,0,0,0,0,0,0,0,0
128,047136447917f8b30537738e488e0461,0,1,1,1,1,1,1,1,0,0,0,1,0,0,0,1,0,0,0,0,0,0,0
141,04918002474136f1c70f61859c47dbb3,0,1,1,0,1,0,1,1,0,0,0,1,0,0,0,0,0,0,0,0,0,0,0
152,04eb48638351418661f818b4003ac039,0,1,1,1,1,0,1,0,0,1,0,0,0,0,0,1,0,0,0,0,0,0,0
165,051a5f8bce75a601be987980a09d4187,1,1,1,0,1,0,1,0,0,0,0,0,0,0,1,1,0,0,0,0,0,0,0
172,05630c0e889fe7371fc74d7ae01f491f,1,1,1,1,1,0,1,1,0,0,0,0,0,0,0,1,0,0,0,0,0,0,0
185,05cbbaefe73d4745ce2f314f1fff3d66,0,1,0,0,1,0,1,1,0,0,0,0,1,0,0,0,0,0,0,0,0,0,0
190,060153cf7a5844d9aed735d408b35f97,1,0,0,1,0,1,0,0,1,0,1,0,0,0,0,1,0,0,0,0,0,0,0
196,06a9a92ef0a123b93e3410d8a57d5b6c,0,1,1,0,1,0,1,0,0,0,0,0,0,0,0,1,0,0,0,0,0,0,0
201,06e3b977d1d42365af2b77e958cf72b5,0,1,1,1,1,0,1,0,0,0,0,0,0,0,0,0,0,0,0,0,0,0,0
206,078ae59f1ae79df514e846e5e51eca8b,1,1,1,0,1,0,1,0,1,0,1,0,0,0,0,1,0,0,0,0,0,0,0
224,07960d9a85ff07a7c38edb8223d1abe6,0,1,0,1,1,0,1,1,1,0,1,1,0,0,0,1,1,0,0,0,0,0,0
248,07a0d0ab07446da83579be3462bf081e,0,1,1,1,1,1,1,1,0,0,0,0,0,0,0,1,0,1,0,0,0,0,0
388,07e51f5e3fdde72e8e84978ac7179c16,0,1,1,0,1,0,1,0,1,0,1,0,0,0,1,1,1,0,0,0,0,0,0
403,07ed5d52c02f7f9a2284b1483dc07bd6,0,1,1,0,1,0,0,1,1,0,1,0,0,0,1,1,0,0,0,0,0,0,0
415,080510570dc8ad8f5d16ea37a93f26e1,0,1,0,0,1,0,1,1,0,0,0,0,1,0,0,0,0,0,0,0,0,0,0
421,0863b355ac677a9b85ce5984bf876dc5,0,1,1,1,1,0,1,1,0,0,0,0,0,0,0,1,1,0,0,0,0,0,0
433,0871c09afb84920b8bfd27b3c328c86a,1,1,1,1,1,0,1,0,1,0,1,1,0,0,0,1,0,0,1,0,0,0,0
460,08a7303ab016a7c191c9de4f5620ca32,0,0,0,0,0,1,0,0,0,0,0,0,0,0,0,0,0,0,0,0,0,0,0
461,08d5f68b8484239c70c9a8683fceef8d,0,0,0,0,0,1,0,1,0,0,0,0,0,0,0,0,0,0,0,0,0,0,0
466,09166ef5a64d7fe04888c871c9e18fb0,0,0,0,0,0,0,0,0,0,0,0,0,0,0,0,0,0,1,0,0,0,0,0
467,0997327eeccc4fcf42b3d0c90b2000f3,0,1,0,0,1,0,1,1,1,0,1,0,0,0,1,1,0,1,0,0,0,0,0
494,09aa83bbba4d22264215696aa1b169ac,0,1,1,1,1,0,1,0,0,0,0,0,0,0,0,0,1,0,0,0,0,0,0
501,0a4bf9a1acba481b13330ebae980efc7,1,1,1,0,1,0,1,1,1,0,1,0,0,0,0,1,0,0,0,0,0,0,0
511,0ac4c049747e23d5627e64345bc1ece7,0,1,1,0,1,0,1,1,0,0,0,0,0,0,0,0,0,0,0,0,0,0,0
566,0af7f97bf9253358db674384908d7bf4,0,1,1,0,1,1,1,0,0,0,0,0,0,0,0,0,0,1,0,0,0,0,0
578,0b312cbd78e36c4c19c5ba1ecd80ff13,0,1,1,0,1,0,1,1,0,0,0,1,0,0,1,1,0,0,0,0,0,0,0
715,0b55c6c8ce2743c5581ad07681cc812b,0,1,1,0,1,1,1,1,0,0,0,1,0,0,0,0,0,1,0,0,0,0,0
736,0b9ab37757f4ca5274110490af02c496,0,1,1,1,1,0,1,0,0,1,0,0,0,0,0,1,0,1,0,0,0,0,0
759,0bd397383b7b3070af45cb75d9e44c30,1,1,1,0,1,0,1,1,1,0,1,0,0,0,0,0,1,0,1,0,0,0,0
772,0be441fb8acf6a9dd45d4d2444e62deb,0,1,1,1,1,1,1,1,0,1,0,1,0,0,1,1,0,0,0,0,0,0,0
794,0c7170de11fabf2a805736938841cc8c,1,1,1,1,1,0,1,0,1,0,1,1,0,0,1,1,0,0,0,0,0,0,0
810,0d0735f580cbe12a394d2e700104b7df,1,1,1,1,1,0,1,0,1,1,1,0,0,1,0,0,1,1,0,0,0,0,0
830,0d34c7bc13e61f2d73375a42dd5fd3fe,0,1,1,1,1,0,1,0,0,0,0,0,0,0,0,1,0,1,0,0,0,0,0
842,0d42e37276db6718fe60c57282fffa95,1,1,1,1,1,0,1,1,1,1,1,0,0,1,0,1,0,0,0,0,0,0,0
862,0d51394c39dbf15021ccd09155ee6257,0,1,0,1,0,0,0,1,0,0,0,0,0,0,1,1,0,0,0,0,0,0,0
900,0e440655eed83610e0076ad7faa3a3f0,0,1,1,1,1,1,1,1,0,0,0,0,1,0,0,0,0,0,0,0,0,0,0
924,0e5eda1a13792e7fc5ee23edb8348c46,0,1,1,1,1,0,1,1,1,0,0,0,0,0,0,1,0,0,0,0,0,0,0
993,0e98d69eca88d59c29dadae04730f7d5,1,1,1,1,1,0,1,1,1,0,1,1,0,0,1,1,0,0,0,0,0,0,0
1014,0ef9ac02bd8f7d2f0ba5bc7beb2ae770,0,0,0,0,1,0,0,0,0,1,0,0,0,0,0,0,0,0,0,0,0,0,0
1016,0f6ec4ebb8659088613c41f9d90e11fd,0,1,1,0,1,0,1,0,0,0,0,0,0,0,1,1,0,0,0,1,0,0,0
1035,0fc0cec5a0e21c62feb9a7c5217c36d8,1,1,1,1,1,0,1,1,1,0,1,0,1,0,1,1,0,0,1,0,0,0,0
1070,0fe08d5c5027a9c435b0a98839b826ce,0,1,1,1,1,0,1,1,0,0,0,1,0,0,0,0,0,0,0,0,0,0,0
1080,1071d47f43bb66419b9a7365becef941,0,1,1,0,1,0,1,1,0,0,0,0,0,0,0,0,0,0,0,0,0,0,0
1085,10728ca2ec3dde0f3bac7e67c02b88e0,0,1,0,0,1,0,0,1,0,0,0,0,0,0,1,1,0,0,0,1,0,0,0
1120,107eea821b823c2218cc2f44fa7746d9,1,1,1,1,1,1,1,0,1,0,1,0,0,0,0,1,0,0,0,0,0,0,0
1135,108f272091d484c9ef8d55cafc32abf9,0,1,1,1,1,1,1,0,1,1,1,1,0,0,1,1,0,0,0,0,1,0,0
1155,10cbe7e14793a3aec1c050db6aa492aa,0,0,0,0,0,1,0,1,0,0,0,0,0,0,0,1,0,0,0,0,0,0,0
1210,110cf2b07dea0f6ea3253cb621bd98db,1,1,1,1,1,0,1,0,1,0,1,0,0,0,0,1,0,0,0,0,0,0,0
1232,1153f4b1fafdb1470a5bec25d4aa004a,0,1,1,0,1,0,1,1,0,0,0,0,1,0,0,0,0,0,0,0,0,0,0
1239,117e6684e0f88d6da5afb944c5a657a3,1,1,1,1,1,0,1,0,1,0,1,0,0,0,1,1,0,0,0,0,0,0,0
1253,118947eb7fc12d6d81c429c6762cb403,0,1,1,0,1,0,0,0,1,0,1,0,1,0,0,0,0,0,0,0,0,0,0
1259,11b9f94b9c956fa7197e02323663a454,1,1,1,1,1,0,1,0,1,1,1,1,0,0,0,1,0,0,1,0,0,0,0
1274,12746b8d8cd1a53826ca718d8e3f0e2d,0,1,1,1,1,0,1,0,1,0,1,0,0,0,1,1,0,0,0,0,0,0,0
1287,12b0be2eac6e706da1a81c476447c4d7,1,1,1,1,1,0,1,0,1,0,1,1,0,0,1,1,0,0,0,0,0,0,0
1326,12bd479c3e2e06b4338a450a23d4ec25,0,0,0,1,0,1,0,1,0,0,0,0,0,0,1,1,0,0,0,1,0,0,0
1340,12d1151fd9a265b2bf006ac1dea65573,0,1,1,1,1,0,1,0,0,0,0,0,0,0,0,0,0,0,0,0,0,0,0
1345,12f4306c553c65f10b0234667cf9f174,0,0,1,0,0,1,0,1,0,0,0,0,0,0,0,0,0,0,0,0,0,0,0
1349,133244e670189dcb7016803b07df4089,0,1,1,1,1,0,1,0,1,0,0,0,0,0,1,1,0,0,0,0,0,0,0
1392,13d8a03074dd4502c5acb82fc65e2b33,1,1,1,0,1,0,1,0,1,0,1,0,0,0,0,0,0,0,1,0,0,0,0
1406,146966622eb7ca05e67c132570b6c34a,0,1,1,0,1,0,1,0,0,0,0,0,0,0,1,0,1,1,0,0,0,0,0
1413,1498cb3e57f7ae6deaefce9cffc76c9b,0,1,1,1,1,0,1,1,1,1,1,0,0,0,0,0,0,0,0,0,0,0,0
1443,15307da1b3803640d7efd77778dc2b3d,0,1,1,0,1,0,1,0,0,1,0,0,0,0,0,0,0,0,0,0,0,0,0
1448,15358728efaecefc1930b7ca9877f4ee,0,1,1,0,1,0,1,1,0,0,0,1,0,0,0,0,0,0,0,0,0,0,0
1501,1629fe2d6702fe638d6e52345330203d,0,0,0,0,0,1,0,0,0,0,0,0,0,0,0,0,0,1,0,0,0,0,0
1503,1689b71af323dea3daeb1e1ca243a3fb,0,1,1,0,1,1,1,0,1,0,0,0,0,0,0,1,0,0,0,0,0,0,0
1510,173c9c2173fdf64c965a0fb0bb4606aa,0,1,1,0,1,1,1,1,0,0,0,0,0,0,0,1,0,0,0,0,0,0,0
1533,17a7cdc8e837a78088dcbf3690fd7430,0,0,0,0,0,0,0,0,0,0,0,0,0,0,0,0,0,1,0,0,0,0,0
1535,186c48b6d6b3494736436240f4283f50,1,1,1,1,1,0,1,0,1,0,1,1,0,0,0,1,0,0,0,0,0,0,0
1560,1870a7d51d2cd5b6e99661197c979524,1,0,0,0,0,1,0,0,0,0,0,0,0,0,0,0,0,0,0,0,0,0,0
1562,189adece0dd21eb905f1bfcc09298ecd,0,1,1,1,1,0,1,1,0,0,0,0,0,0,0,1,0,0,0,0,0,0,0
1589,18b9953f2328fed7482dda3deb45dcf5,1,1,1,1,1,1,1,1,1,0,1,0,0,0,1,1,0,1,0,0,0,1,0
1619,18d873e99c73abab540d7e9f5bd625a8,0,1,1,0,1,0,1,1,0,0,0,1,0,0,0,0,0,0,0,0,0,0,0
1625,19115f8d861df98e0f4a385403ec7297,0,1,1,1,1,0,1,1,0,0,0,0,0,0,0,0,0,0,0,0,0,0,0
1631,1911b1cdfee95bff6469a54c2cfe23f2,0,1,1,1,1,0,1,0,1,0,1,0,0,0,1,0,0,0,0,0,0,0,0
1643,19870bc160313d9e49d4895d880244e7,0,0,0,1,0,1,0,0,0,0,0,0,0,0,0,1,0,0,0,0,0,0,0
1648,19899cf5c96fb3462626aab218e96c9a,0,0,0,0,1,0,0,0,0,0,0,0,0,0,0,0,1,0,0,0,0,0,0
1651,19908769e65492bdc3910e01635bbc22,0,1,1,1,1,0,1,0,0,0,0,0,1,0,1,1,0,0,0,0,0,0,0
1661,1a2aff341204da8904fd42b6992b51a1,0,1,1,1,1,1,1,1,1,0,0,0,0,0,0,1,0,0,0,0,0,0,0
1680,1a406c1aa3f65a74a1a94dfa41e2ce51,1,1,1,1,1,0,1,0,1,0,1,0,0,0,1,1,0,1,0,1,0,0,0
1705,1aa7ad009d51094dcd8d4c72eff478c3,0,1,1,0,1,0,1,0,0,0,0,1,0,0,0,0,0,0,0,0,0,0,0
1711,1ab2c0d5edd34fff59f593d702b51b7a,0,1,0,1,1,0,1,1,0,0,0,0,0,0,0,1,0,0,0,0,0,0,0
1719,1ac5f312f47342d26c2379dcf6cea214,0,1,1,0,1,0,1,1,0,0,0,0,0,0,0,0,0,0,0,0,0,0,0
1726,1ae2a46b39436dc9e1f0139bcaa11a93,0,1,1,1,1,1,1,1,0,0,0,0,0,0,1,0,0,1,0,0,0,0,0
1740,1af48f0a90cb99826777cbf0b7c686d9,0,1,1,1,1,0,1,0,1,0,1,0,0,0,1,1,0,0,0,0,0,0,0
1752,1af5e03863884fc2acad5b041fcde760,0,1,1,1,1,0,1,1,1,0,0,0,0,0,1,0,0,0,0,1,0,0,0
1764,1b790c4c4c115725f6d55f5491b75864,0,1,1,1,1,1,1,1,1,0,0,1,0,0,1,1,0,0,0,1,0,0,0
1797,1b928796f363e4dc05c775d6f54954c2,0,0,0,0,0,1,0,0,0,0,0,0,0,0,0,0,0,0,0,0,0,0,0
1800,1ba2d0ab9b0bc87b1d4e8b09fa674ff9,0,1,1,1,1,0,1,1,1,0,1,1,0,0,1,1,0,0,0,0,0,0,0
1812,1bf94f465f2280c48a00ea45201556f9,1,1,1,1,1,0,1,0,0,0,0,0,1,0,0,1,0,0,0,0,0,0,0
1821,1c0262b09b8f98cf0fcab4cec967661e,0,1,1,1,1,0,1,1,0,0,0,1,0,0,0,1,0,0,0,0,0,0,0
1844,1c12b88876e339e04cf5e599609d61f1,0,1,1,1,1,0,1,1,1,0,1,0,0,0,1,1,0,0,0,0,0,0,0
1868,1c18dbe71e395e81a4c2f1640065f2df,0,1,1,1,1,1,1,1,0,0,0,0,0,0,0,1,0,0,0,0,0,0,0
1880,1c557ecea99c8a32c952e5e5a7e8be0f,0,1,1,0,1,0,1,0,0,0,0,1,0,0,0,0,0,0,0,0,0,0,0
1885,1c5d42f9cf94d9eca90b3628d4d7f75d,0,1,0,1,0,1,0,1,1,0,1,0,0,0,0,1,0,0,0,0,0,0,0
1906,1c64e81f9085be91bd8c11f04885bc1e,1,1,1,0,1,0,1,0,0,0,1,0,0,0,0,1,0,1,0,0,0,0,0
1920,1c735da213f3057122b9a3d389c4438b,0,1,1,1,1,0,1,0,1,1,1,0,0,0,0,1,0,0,0,0,0,0,0
1960,1d4a7fea41a50bfa2415166997531dea,1,1,1,1,1,0,0,0,1,1,1,0,0,0,1,1,0,0,0,0,0,0,0
1974,1d986af94cdaf924384044ef2b1feda6,1,1,1,1,1,0,1,1,1,0,1,1,0,0,1,1,0,0,0,0,0,0,0
2004,1db181666b863be425838b33a244c614,0,1,1,1,1,0,1,1,0,0,0,0,0,0,0,1,0,0,0,0,0,0,0
2153,1e319056044664207b7fe8a169df084c,0,0,0,0,0,1,0,0,0,0,0,0,0,0,0,0,0,0,0,0,0,0,0
2154,1e50975ba98d210cf2d141ec0b7397c1,1,0,0,0,0,0,0,0,0,0,1,0,0,0,0,1,0,0,0,0,0,0,0
2157,1e5eb3882e3c8e54163978e681e46df8,0,1,0,1,1,0,1,1,0,0,0,1,0,0,1,1,0,0,0,0,0,0,0
2170,1e78610bb127137ae210339776ac17d2,1,1,1,0,1,0,0,0,1,0,1,0,0,0,0,1,0,0,0,0,0,0,0
2180,1e9e73b79cbb605b9a8b569aeef4c3b4,0,1,0,0,1,0,1,1,0,0,0,0,0,0,0,1,0,0,0,0,0,0,0
2186,1eaeea1774a713a8964678a68480eb1e,1,1,1,1,1,1,1,0,1,1,1,0,0,0,0,0,0,0,0,0,0,0,0
2202,1ebd9a46e9d38ac548d26c24475c184a,1,1,1,0,1,0,1,0,1,0,1,0,0,0,0,0,1,0,1,0,0,0,0
2215,1f2af7dcf218e3fb01e5f29042f4859d,0,1,1,0,1,0,1,1,0,0,0,0,0,0,0,0,0,0,0,0,0,0,0
2221,1f54235428cbe673012d7901843759ff,1,1,1,1,1,0,1,0,1,0,0,1,0,0,0,1,1,0,0,0,0,0,0
2236,1fb12188a9711f2a856d6921e849fc04,0,1,0,0,1,0,1,1,0,0,0,0,0,0,0,0,0,0,0,0,0,0,0
2240,202e0cca3b46e34708705d9f4167924c,0,1,1,0,1,1,1,1,0,0,0,1,0,0,0,0,0,0,0,0,0,0,0
2247,20408ecea2d7cf2850397f5d00707966,0,1,1,0,1,1,1,0,0,0,0,0,0,0,0,0,0,0,0,0,0,0,0
2252,2064e05a508fa9206f18f61211306bbc,0,1,1,1,1,0,1,1,0,0,0,0,1,0,0,0,0,0,0,0,0,0,0
2263,206d187415317c5ce1136402ccba28fd,0,1,1,1,1,0,1,1,1,1,0,0,0,0,1,0,0,0,0,0,0,0,0
2273,206e2ad8accd3fd8ec571b94002a4b5f,0,0,0,0,0,0,0,1,0,0,0,0,0,0,0,0,0,0,0,0,0,0,0
2277,20785e1bb94dc087f8b00dd6f8b881b1,0,1,1,1,1,0,1,1,1,0,0,0,0,0,1,1,0,0,0,1,0,0,0
2313,208d44a7377761a342c8f0087ac97304,1,1,1,1,1,0,1,1,0,0,0,0,0,0,0,1,0,0,0,0,0,0,0
2322,20d5e927de655e96b2013f41ea91ade3,0,1,1,0,1,0,1,0,0,0,0,1,0,0,0,0,0,0,0,0,0,0,0
2327,20e6d9cbf3c833ca51c4043842e0a7b1,0,1,1,0,1,0,1,0,0,0,0,0,0,0,1,0,0,0,0,1,0,0,0
2333,215dd76650fb1529fb07b81393d128cc,0,1,1,1,1,1,1,1,1,1,0,1,0,0,0,1,0,0,0,0,0,0,0
2365,2188feabd027250e1c6aa73ce4b93774,1,1,1,1,1,0,1,0,1,0,1,1,0,0,0,1,0,0,0,0,0,0,0
2379,21dd781fe1b5535fc2d6dc74abde71a1,0,1,1,1,1,0,1,0,0,0,0,0,1,0,0,0,0,1,0,0,0,0,0
2391,21e28f6337ff700d41ee87a1b244ca78,0,1,1,0,1,0,1,0,0,0,0,0,0,0,0,0,0,0,0,0,1,0,0
2397,223a7ec8bb7c62ca120731897ddc2d5c,1,1,1,1,1,0,1,0,1,0,1,1,0,0,1,1,1,1,0,1,0,0,0
2431,2287dc97fbe01619f2ac6d976fd22d56,0,0,0,1,1,0,1,1,0,0,0,0,0,0,1,1,0,0,0,1,0,0,0
2448,231ce3ffaca9425d5c8e7916fa81edfb,0,1,1,0,1,0,1,0,0,0,0,0,0,0,0,0,0,0,0,0,0,0,0
2452,23303acbad4ced835ad719f0e0e51d27,0,1,1,1,1,1,1,0,0,0,0,0,0,0,0,0,0,0,0,0,0,0,0
2463,23e09ff395402bdcd679aa42ff7733b6,0,1,1,1,1,1,1,1,0,0,0,0,0,0,0,0,1,0,0,0,0,0,0
2479,241455dd2795d3cb74dd2c63417ba6e7,0,1,0,1,1,0,1,1,0,0,0,0,0,0,1,0,0,0,0,0,0,0,0
2487,241b4264a35b5ed3f36fc5bcc5628d39,0,1,0,0,0,0,0,1,0,0,0,0,0,0,0,1,0,0,0,0,0,0,0
2571,242cf1bbb6b1bc8b6bd1bb6b988dc74a,0,1,1,0,1,0,1,0,0,1,0,0,0,1,0,0,0,0,0,0,0,0,0
2577,242f8255937541b03a117754ad36412d,1,1,1,0,1,0,1,0,1,0,1,0,1,0,1,0,0,0,1,0,0,0,0
2591,2446b92327462e2127b3f2693d26c04a,1,1,1,1,1,0,1,1,1,0,1,0,0,0,0,0,1,0,1,0,0,0,0
2612,2467ce8593dd0efe1ce5d4b82263bc5c,0,1,1,0,1,0,0,1,0,0,0,0,0,0,0,0,0,1,0,0,0,0,0
2623,2494be3ca550793c7dfc91fc24757de5,1,1,1,1,1,0,1,1,1,0,1,0,0,0,0,1,0,0,0,0,0,0,0
2642,24ae2c7a8ceccbefe27ba19f2cdd4495,1,1,1,1,1,0,1,1,1,0,1,1,0,0,1,1,0,0,0,0,0,0,0
2660,24d5e7af47c5fc49b662b7a89fa71053,0,0,0,0,1,1,0,1,0,0,0,0,0,0,0,1,0,1,0,0,0,0,0
2669,2518814bdd6f2fc0ff06f907dc877f82,0,0,0,0,0,1,0,0,0,0,0,0,0,0,0,0,0,0,0,0,0,0,0
2670,2524f7c94a6d336648a64370b767357a,0,0,0,1,0,0,0,0,1,0,1,0,0,0,1,0,0,0,0,0,0,0,0
2682,252dc11e0f9eb1ea54ce7753d543e642,0,1,1,1,1,1,1,1,0,0,0,0,0,0,0,0,0,0,0,0,0,0,0
2695,254eb384004de580e4840aa48dfff2c8,1,1,1,1,1,0,1,0,1,0,1,0,0,0,1,0,0,0,1,0,0,0,0
2706,2557cd4f51eecefae83b03a2731a6dad,0,1,1,1,1,0,1,1,0,0,0,0,0,0,1,1,0,1,0,0,0,0,0
2741,2567193ff2ad4910e8b44dd1fc853195,1,1,1,0,0,1,0,0,0,1,0,0,0,0,0,0,0,1,0,0,0,0,0
2748,258f464c03022a8510e9f4c067d1b8d7,1,1,1,0,0,0,1,0,1,1,1,1,0,1,0,0,0,0,1,0,0,0,0
2760,2604776c53d7659ba2f63cd8012cfe3b,0,1,1,1,1,1,1,1,0,0,0,0,0,0,1,1,0,0,0,1,0,0,0
2793,2614cd9bd34099b04ec7a5b3815d9dcd,0,0,0,0,0,1,0,0,0,0,0,0,0,0,0,0,0,0,0,0,0,0,0
2794,26390ea4193ad1beb981847f56fb27ad,0,1,1,1,1,0,1,0,1,0,0,1,0,0,1,1,0,0,0,0,0,0,0
2804,268963cbd5f12764c76522761d49c3db,0,1,1,0,1,1,1,0,0,0,0,0,0,0,0,0,0,0,0,0,0,0,0
2810,26a23e3b015fbc5331ec7cbf14dcf7b6,1,1,1,1,1,0,1,0,1,0,1,0,0,0,0,1,0,0,0,0,0,0,0
2827,26aa5bd73788eedaafec9c77b491cff9,0,0,0,1,0,0,0,1,1,0,1,0,0,0,1,1,0,1,0,0,0,0,0
2843,26cc023b7271834292da520c97fbef3d,0,1,0,0,1,0,1,1,1,0,1,0,0,0,0,0,1,0,0,0,0,0,0
2851,26f6999627188ee4244bd5b4e66be452,0,1,1,1,1,0,1,1,0,0,0,0,0,0,1,1,0,0,0,0,0,0,0
2870,270c14cfefa4e0dc596c90f6a8c6c363,1,1,1,0,1,0,1,1,1,0,1,0,0,0,0,0,0,0,0,0,0,0,0
2883,2806ac5e5ba63f9663eeac04c9233d58,0,1,0,0,1,0,1,1,0,0,0,0,0,0,0,0,0,1,0,0,0,0,0
2892,2824218167d0043650cb936c7ae54fbe,0,1,1,1,1,1,1,0,1,0,1,0,0,0,1,1,0,0,0,0,0,0,0
2904,28351fc0ee957623210ae2cd58b3f948,0,1,1,0,1,0,1,0,0,0,0,1,1,0,0,0,0,0,0,0,0,0,1
2912,28368284a145474b2cc4961349bffcf3,0,1,1,1,1,1,1,1,1,0,1,0,0,0,1,1,0,0,0,0,0,0,0
3069,285e50434bbd8d4e00cf195e031471c7,0,1,1,1,1,0,1,1,0,0,0,1,1,0,0,0,1,0,0,0,0,0,0
3086,28672707a493492704db2bb1aff514c4,1,0,0,0,0,0,0,0,1,0,1,0,0,0,0,0,0,0,0,0,0,0,0
3089,28f717cf8a88463c064bad98f1d4c2f3,0,1,1,0,1,0,1,0,0,0,0,0,1,0,1,1,0,0,0,0,0,0,0
3098,29081c0cdef5f0595e304d7c2ff180b2,0,1,1,0,1,1,1,1,0,0,0,1,0,0,0,0,0,0,0,0,0,0,0
3109,2963f87076e1d4da0ccbbc5544c3938d,0,1,0,1,1,0,1,1,0,0,0,0,0,0,0,0,0,0,0,0,0,0,0
3116,298030a5d4d66befb810dae895761e27,0,0,0,0,0,0,0,0,0,0,0,0,0,0,0,1,0,0,0,0,0,0,0
3117,29c68f723b88e2d3bb1172f847b831e4,1,1,0,0,0,1,0,0,1,0,1,0,0,0,0,1,0,0,1,0,0,0,0
3132,29feabf8f6a90d2c625cc1dd2e0e5608,1,1,1,0,1,0,1,0,0,0,1,0,1,0,0,1,0,1,0,0,0,0,0
3146,2a2003f6836b4720906cbae8893faec9,0,1,0,1,0,1,0,1,1,0,1,0,0,0,0,1,0,0,1,0,0,0,0
3186,2a767ebb235888b58608a89209ad66e8,0,1,0,0,1,0,1,1,0,0,0,0,0,0,0,0,0,0,0,0,0,0,0
3190,2b8f011b320370b42d0cb58b02279174,1,1,1,1,1,0,1,1,1,0,1,0,0,0,0,1,0,1,0,0,0,0,0
3227,2bd8d3842055dfd1b823280be18b86f4,0,1,1,0,1,0,1,1,1,1,1,1,0,0,1,0,0,0,0,0,0,0,0
3242,2c0d8a39fb4ccb87a1ba81a4ab0bb2f4,1,1,1,1,1,0,1,1,0,0,1,0,0,0,0,1,0,1,0,0,0,0,0
3254,2c38245c979b755b1472f2916f0daf4d,1,1,0,1,1,0,1,0,1,0,1,0,1,0,1,0,0,0,1,0,0,0,0
3268,2c417ec542692a13a3b125f8d5b4f7e0,0,1,1,0,1,0,1,0,0,0,0,1,0,0,0,0,0,0,0,0,0,0,0
3273,2c597755067d64bf12050cbd7b62c30f,1,1,1,0,1,0,1,0,1,0,1,0,0,0,0,0,0,0,0,0,0,0,0
3280,2c64014e0a5076e1546d9cb1c9b6bb49,0,1,0,1,1,0,1,1,1,0,0,1,0,0,0,1,1,0,0,0,0,0,0
3325,2c895a67799f6f91760eb6f89b3d2c93,0,1,0,0,1,0,1,1,1,0,1,0,1,0,0,0,0,0,0,0,0,0,0
3341,2cd321395020766bab5f3d6e98370615,1,1,1,0,1,0,1,0,1,0,1,0,0,0,1,1,0,0,1,0,0,0,0
3356,2ced05ac57b018b110a58dae0af1922a,0,1,0,0,1,0,1,1,0,0,0,0,0,0,0,1,1,0,0,0,0,0,0
3362,2cfb93b59c43b29004cf6f31ccb35866,0,1,1,0,1,1,1,1,0,0,0,0,0,0,0,0,0,0,0,0,0,0,0
3369,2e273d205064ca23276d7f6e11c47b7c,0,1,1,0,1,0,1,0,0,0,0,0,0,0,0,0,0,0,0,0,0,0,0
3373,2ea74995cbe34a4265a414c1ddac6dad,0,1,1,1,1,0,1,1,0,0,0,0,0,0,0,0,0,1,0,0,0,0,0
3382,2f68b6851b2c2da6e70344c44c1ee797,0,1,1,0,1,1,1,0,0,0,0,0,0,0,0,0,0,0,0,0,0,0,0
3387,301f31af81cd461a85c722ea012a10a6,0,1,0,0,1,0,1,1,0,0,0,1,1,0,0,0,0,1,0,0,0,0,0
3397,302956248376bb225453d6c53f1cb9c2,0,1,0,0,1,0,1,1,0,0,0,0,1,0,0,0,0,1,0,0,0,0,0
3404,30560b6ff7feef07c9cb7315b0564101,0,0,0,1,0,0,0,1,0,0,0,0,0,0,0,0,0,1,0,0,0,0,0
3408,31825bd1c0c1c7430bb476473fb02427,0,1,1,0,1,0,1,0,0,0,0,0,0,0,0,1,0,0,0,0,0,0,0
3413,31a2a5bf01a650de54f5867239a05358,0,1,1,1,1,0,1,1,1,0,1,0,0,0,1,1,1,0,0,1,0,0,0
3433,31b70a3c4e315eb48ce2f05a6af1f4c7,0,1,1,1,1,0,1,1,0,0,0,1,0,0,1,1,0,0,0,1,0,0,0
3446,31c1e16c643a0b79de9e269ee421a3bb,0,1,0,1,1,0,1,1,0,0,0,0,0,0,0,0,0,0,0,0,0,0,0
3654,31dbb2f9f52779609a23ab408c4f17c2,0,1,1,0,1,0,1,1,0,0,0,0,1,0,0,0,0,1,0,0,0,0,0
3661,31ee77e6f2a77616b0529452826a2e5e,1,1,1,1,1,0,1,1,1,0,1,0,0,0,0,1,0,0,0,0,0,0,0
3682,32574516b6e722bcaccd61294d9a44f4,0,1,1,0,1,0,1,0,0,0,0,0,1,0,0,0,0,0,0,0,0,0,0
3687,32c03669a8a41dc78afc656f9eef1d08,0,1,1,0,1,0,1,0,0,0,0,0,0,0,0,0,1,0,0,0,0,0,0
3692,32d06a6d0d766dc437831803b69d8473,0,1,0,1,1,0,1,1,1,0,1,0,0,0,0,1,1,0,0,0,0,0,0
3715,3300d59871c86ce4cbb7797cc3389bec,0,1,1,1,1,0,1,0,1,0,0,0,0,0,0,1,0,0,0,0,0,0,0
3724,333a80b1c4f744614ccb87b8f8824584,0,1,1,1,1,0,1,0,0,0,0,0,0,0,0,0,0,0,0,0,0,0,0
3730,338906dedde08209932b85f12b2bb5b0,0,1,0,0,1,0,1,1,0,0,0,0,1,0,0,0,1,0,0,0,0,0,0
3738,338f1face3221db325af58494e595031,0,1,1,1,1,1,1,0,0,0,0,0,0,0,0,0,0,0,0,0,0,0,0
3744,33d4c1a149926acd6536452ecbddc8e2,0,0,1,0,1,0,1,1,0,0,0,0,1,0,1,1,0,0,0,0,0,0,0
3758,33df68e60856407de4a6d6d10898a0d5,0,1,1,1,1,0,1,0,1,1,0,0,0,1,1,1,0,1,0,0,0,0,0
3779,340a603b92a8a87d8df54de8b3f4cebc,1,1,1,1,1,0,1,0,1,1,1,0,0,0,1,1,1,0,1,0,0,0,0
3814,3441debe522763d7ad7bc7640dd4e112,0,1,0,1,1,0,1,1,0,0,0,1,0,0,0,0,0,0,0,0,0,0,0
3821,3470f4afabdbf091c92349cd59b87962,0,0,0,1,1,0,0,1,0,0,0,0,0,0,0,1,0,1,0,0,0,0,0
3842,349cf7c42e78a9348cd2e16e39c6b2a1,1,1,1,0,1,0,1,1,1,0,1,0,0,0,0,0,0,0,0,0,0,0,0
3852,34bc6a1b14fbd2cab9cf48521e2af7ab,1,1,1,1,1,0,1,1,0,0,1,0,0,0,0,0,0,0,1,0,0,0,0
3873,34e285e94c4d454302efe828063bbfd5,0,1,0,0,1,0,1,1,0,1,0,0,0,0,0,1,0,1,0,0,0,0,0
3882,350117d2687170f2c9cda719dcfe9874,1,1,1,1,1,0,1,0,1,0,1,0,0,0,0,1,0,0,0,0,0,0,0
3901,353dc77feb1fcc55db4925614234af23,0,1,0,0,1,0,1,1,1,0,1,0,1,0,0,0,1,0,0,0,0,0,0
3919,3554697c77fe0280271b84adac1552d4,0,0,0,1,0,0,0,1,0,0,0,0,0,0,1,1,0,0,0,0,0,0,0
3931,36349bfe556825eb3041de5dec1acae3,1,1,1,0,1,0,1,0,1,1,1,1,0,1,0,1,1,0,1,0,0,0,0
3953,36349fc0362c79b7bd699db1a37ab49c,0,1,1,0,1,0,1,0,0,0,0,0,0,0,0,0,0,0,0,0,0,0,0
3957,366034352c98c4efbe4fcd7af4be56bc,0,0,0,0,1,0,0,0,0,0,0,0,0,0,0,1,0,0,0,0,0,0,0
3960,369338ede6e4a88e0d1607c75d40e965,0,0,0,0,0,0,0,0,0,1,0,0,0,0,0,1,0,0,0,0,0,0,0
3963,369c0df7caa71a3cded0e653598dba24,0,1,1,0,1,0,1,1,0,0,0,1,0,0,0,0,0,0,0,0,0,0,0
3970,36d05f7d7de29d6195faf1a5fc978d03,0,1,1,0,1,1,1,0,1,0,0,0,0,0,1,0,0,0,0,0,0,0,0
3977,36e396c36c0c652d06dee2f85acb11c9,1,1,1,1,1,0,1,1,1,0,1,0,0,0,1,1,1,0,0,0,0,0,0
4024,3723b0379d1db82b50e13a7c94b87be4,0,0,0,0,1,0,0,0,0,0,0,1,0,0,0,0,1,1,0,0,0,0,0
4029,375f680cd1242eb7bf9263dd5ba1fe6d,1,1,1,0,1,1,1,0,0,0,0,1,0,0,0,1,1,0,0,0,0,0,0
4040,376718de739ee11bd02d64e7ac1e6b91,0,1,1,0,1,1,1,0,0,0,0,0,0,0,0,0,0,0,0,0,0,0,0
4045,37c54950adfde875fc0c47ce59ef9413,0,1,1,0,1,0,1,1,0,1,0,0,0,0,0,0,0,0,0,0,0,0,0
4064,37cff7850dce57b850c727da0a30e569,0,1,1,1,1,0,1,1,0,0,0,0,0,0,1,1,0,0,0,0,0,0,0
4097,38041ee2e8b2c82bb886cced22e52f24,0,1,1,0,1,0,1,0,1,1,0,0,0,0,0,0,0,0,0,0,0,0,0
4108,385f820f77b8a4ac405178faf27cda22,1,1,1,1,1,0,1,1,0,0,0,0,0,0,0,1,0,0,0,0,0,0,0
4119,387c88f25e204376acf003420663fef5,1,1,1,1,1,0,1,0,1,0,0,0,0,0,0,1,0,0,0,0,0,0,0
4128,38837e2d6cad9dfb09d951825b1b4fca,0,1,1,1,1,0,1,0,1,0,1,0,0,0,1,1,0,0,0,0,0,0,0
4150,389ef7a081ffbee9915de2c0db4b0e8d,1,1,1,1,1,0,1,1,1,0,0,0,0,0,0,1,1,0,0,0,0,0,0
4166,38c5600b2cef3232ae2db7b51b5cdb4b,1,1,1,1,1,0,1,1,1,0,1,0,0,0,0,1,0,0,0,0,0,0,0
4184,38d61e1a86ec9b86a036bbba21ac2dfe,0,1,1,1,1,0,1,1,1,0,0,0,0,0,1,1,0,0,0,1,0,0,0
4216,38dba38d603307835e1b88b47ef0c34c,0,1,1,1,1,0,1,0,0,0,0,0,0,0,0,0,0,0,0,0,0,0,0
4221,3904a3b8d43d05675044b6596d965516,0,1,1,0,1,1,1,0,0,0,0,1,0,0,1,1,0,0,0,1,0,0,0
4231,39c9fc940cb63f5253d220f37e7ce587,0,1,1,0,1,0,1,0,0,0,0,0,0,0,0,0,0,0,0,0,0,0,0
4235,3a2bac2ff9f5f90449ee50bd77be6246,0,1,1,1,1,0,1,0,0,0,0,0,0,0,0,0,0,0,0,0,0,0,0
4240,3a57dc7f1e9c53802b2d7d70a8c8398e,0,1,1,1,1,1,1,0,1,0,0,1,1,0,1,1,0,0,0,0,0,0,0
4254,3a5e0e46a44fb3b8a6424e8b363bb1c0,0,0,0,0,0,0,0,0,0,0,0,0,0,0,0,0,0,1,0,0,0,0,0
4256,3a847271bca021f730165eb5d34710f3,0,0,0,0,0,1,0,0,0,0,0,0,0,0,0,0,0,0,0,0,0,0,0
4259,3ab0365f7c3971229b1c39a165b348f6,0,0,0,1,0,1,0,1,0,0,0,0,0,0,0,0,0,0,0,0,0,0,0
4265,3b0e78006bdafefcf05a0ee4d7f978ab,0,1,1,0,1,1,1,1,0,0,0,0,0,0,0,0,1,0,0,0,0,0,0
4283,3ba65939b03dd736b664863bd5e7eed4,1,1,1,0,1,0,1,0,1,0,1,0,0,0,0,0,0,0,0,0,0,0,0
4302,3bfc54f0e636e24b24d40885b63e34cc,0,1,1,0,1,1,1,0,0,0,0,0,0,0,0,1,0,0,0,0,0,0,0
4311,3d119362b1d08614d469324cf046271f,0,1,1,1,1,0,1,1,0,0,0,0,0,0,0,1,0,0,0,0,0,0,0
4321,3d49da0965533c33153bb65eb1b6d11d,1,1,1,1,1,1,1,1,1,1,1,0,1,0,1,1,0,0,0,0,0,0,0
4349,3ddccd890467c76dd9886a40dbd51800,0,1,1,1,1,1,1,1,0,1,0,1,0,0,0,1,0,0,0,0,0,0,0
4368,3e589bc1e06fa0c8fb18a3608504a252,0,1,0,0,1,0,1,1,0,0,0,0,0,0,0,1,0,0,0,0,0,0,0
4374,3ea9a683522f9c4db196734ca9764133,1,1,1,1,1,0,1,1,0,0,1,0,0,0,0,1,0,0,0,0,0,0,0
4396,3ee27e464dfd51c416fb80b4e7330c76,0,1,1,0,1,1,1,0,0,1,0,0,0,0,0,0,0,0,0,0,0,0,0
4402,3ff515e258fd127963d4b549dd158dbd,0,1,1,0,1,1,1,0,0,0,0,0,0,0,1,0,0,0,0,0,0,0,0
4408,401f06afe10a40b0ce430c4b486fbf98,0,1,1,1,1,0,1,1,1,1,1,0,0,0,1,1,0,1,0,0,0,0,0
4451,4028aa8de16372fa151699d3e451e497,0,0,0,0,0,0,0,0,0,1,0,0,0,0,0,0,0,1,0,0,0,0,0
4453,40bb760dcafe2254a0dfe804eac23a33,1,1,1,1,1,1,1,0,1,0,1,1,0,0,0,1,0,1,0,0,0,0,0
4492,40d74d801142724f930bd784d2273059,1,1,1,1,0,1,0,1,1,0,1,0,0,0,0,1,0,1,1,0,0,0,0
4523,410ff2f2d9e4f17566eeee53bed279fd,0,0,0,1,1,0,0,1,1,0,1,0,0,0,0,1,0,0,0,0,0,0,0
4570,411005e3a783b70dfad79e2656d39507,0,0,0,0,1,0,0,0,0,0,0,0,0,0,0,0,0,1,0,0,0,0,0
4572,415a999a1ed566ebf7e65e950bac72fb,1,1,1,0,1,0,1,0,0,0,0,0,0,0,0,1,0,0,1,0,0,0,0
4579,419bcb39eb06745117cce7d87497b7f4,0,1,0,0,1,0,0,0,0,0,1,1,0,0,0,0,0,1,0,0,0,0,0
4594,41ef8ce6c7e3ce0869d791dc17a3d161,1,0,0,1,0,1,0,1,1,0,1,0,0,0,1,1,0,0,0,0,0,0,0
4710,41f7789dea5f3312bdf57632460561c0,0,1,1,0,1,1,1,1,0,0,0,0,0,0,0,0,0,0,0,0,0,0,0
4718,423ffa8cbe761baa995e981904f479db,0,1,1,1,1,0,1,1,0,0,0,1,0,0,1,1,0,1,0,0,0,0,0
4734,424090309305e8b36ebf4e45490d8699,1,1,1,1,1,0,1,0,1,0,1,0,0,0,1,1,0,0,0,0,0,0,0
4759,4260d7d2ac838b5e5b80a52516f78f5b,0,1,1,1,1,1,1,1,0,0,0,0,0,0,0,1,0,0,0,0,0,0,0
4778,430d96d025d9c30dbd62aa4fd3591e98,1,1,1,0,1,0,1,0,1,0,1,0,0,0,1,1,0,0,1,0,0,0,0
4789,4359ebe5e116311852440785e34f916e,1,1,1,1,1,0,1,0,0,0,1,0,0,0,0,0,0,0,1,0,0,0,0
4800,4383288d6bab753c11fc2f4ea43b1eb8,0,1,1,1,1,0,1,1,0,0,0,0,1,0,1,1,0,1,0,0,0,0,0
4834,43acfb851b122c9a40e9bfbf4e76a987,0,1,1,0,1,0,1,0,0,1,0,0,0,0,0,0,1,0,0,0,0,0,0
4841,43b4c442aeac033aa6cc97df88b5aed8,1,1,1,0,1,0,1,1,0,0,1,0,0,0,0,0,0,0,0,0,0,0,0
4852,441ffbb3d0324236d47a0f7e1ebd02f9,0,1,1,1,1,1,1,0,0,0,0,1,0,0,0,1,0,0,0,0,0,0,0
4860,44ae811b5b8aeea9b7d8037ab9f117d3,0,0,0,0,0,0,0,0,0,1,0,0,0,1,0,0,1,1,0,0,0,0,0
4866,44cd60c0ddb41223eb13c1a224b5e3d6,0,1,0,1,0,0,0,1,1,0,0,0,0,0,0,1,0,0,0,0,0,0,0
4931,4574a7082953f5413fa884d53d878986,0,1,1,1,1,1,1,1,0,0,0,0,1,0,0,0,0,0,0,0,0,0,0
4945,459e6058a0128608eca6f2e4baffcbb6,1,1,1,0,1,0,1,0,1,0,1,0,0,0,0,0,0,0,1,0,0,0,0
4953,4625f7ed22e911f5290a3660feb4efdb,0,1,1,1,1,1,1,1,1,0,0,1,0,0,1,1,0,0,0,0,0,0,0
4975,466f747de57099409c4d851f2775613f,0,1,1,1,1,1,1,1,1,0,1,0,0,0,1,1,0,1,0,0,0,0,0
5074,46893f70a2c99e6ad111c032fb602758,0,1,1,0,1,0,1,0,1,0,0,0,0,0,1,1,0,1,0,1,0,0,0
5086,46c1d5ea297bd502e2d7f9dba6056bdd,0,1,1,1,1,0,1,1,1,0,1,1,0,0,1,1,0,0,0,1,0,0,0
5133,473e8564480e721b794006b4362b0a2d,1,1,1,0,1,0,1,1,1,0,1,1,0,0,0,1,0,0,0,0,0,0,0
5144,48447eeb5e9e047a5fa5de4496dbf146,0,1,0,0,1,0,1,1,0,0,0,0,0,0,0,0,0,0,0,0,0,0,0
5149,4858d7c1242de839319efebd510e5833,0,1,1,0,1,0,1,0,0,0,0,0,0,0,0,0,0,0,0,0,0,0,0
5153,4949c7b6dfa8cef23d641fd98d50ab18,1,1,0,0,0,0,0,1,1,0,1,0,0,0,0,1,0,1,0,0,0,0,0
5242,494d52061c082cec80e62b80d0042d72,0,1,1,0,1,1,1,0,0,0,0,0,0,0,0,0,0,0,0,0,0,0,0
5249,49955bcc5e4bac51a23b38fbb847e910,0,1,1,0,1,0,1,0,1,0,0,1,0,0,1,1,0,0,0,1,0,0,0
5258,4a6d90a42a49fb43ebd0ea82f406d34d,0,1,1,0,1,0,1,1,0,0,0,0,0,0,1,1,0,0,0,1,0,0,0
5270,4aa64a1cb0dc8a8d3147562ce234a3e5,1,1,1,1,1,0,1,1,1,0,1,0,0,0,1,1,0,0,0,0,0,0,0
5287,4af882ce2ab38d2ef497f366228ec628,0,1,0,0,1,0,0,0,0,0,0,1,1,0,0,1,0,1,0,0,0,0,0
5294,4afebd4fded13e31ce39313675f531b5,0,1,0,0,1,0,1,1,0,0,0,0,1,0,0,0,0,0,0,0,0,0,0
5303,4b05850de2b0726430f0c171c75d5f87,0,1,1,0,1,0,1,1,0,0,0,0,0,0,0,0,0,0,0,0,0,0,0
5310,4b05befff3a1d4b162b82ed9054cf712,0,1,1,0,1,0,0,1,0,0,0,0,0,0,0,0,0,0,0,0,0,0,0
5316,4b5f8f36415758d07940d6b9285a0b88,0,1,1,0,1,1,1,0,0,0,0,1,0,0,0,0,0,0,0,0,0,0,0
5322,4b98d821327ceee07c9356467b38baaa,0,1,1,1,1,0,0,1,0,0,0,0,0,0,0,1,0,0,0,0,0,0,0
5433,4c14e25c7133054ff3ffd583ea798a4b,0,1,1,1,1,1,1,1,0,0,0,0,0,0,0,0,0,0,0,0,0,0,0
5443,4c36cc224295123abac39e074804f1d2,0,1,1,0,1,0,1,1,0,0,0,1,0,0,1,0,0,0,0,0,0,0,0
5450,4c6ed7c9dfdd8bb6a46f0abdbfbd7cb8,0,1,1,1,1,0,1,0,0,0,0,1,0,0,0,0,0,0,0,0,0,0,0
5457,4c94765da12237b4781eae5871bba09b,0,1,1,0,1,0,1,1,0,0,0,0,0,0,0,0,0,0,0,0,0,0,0
5462,4d0103c49fd97c9ad8854abd22d15b0b,0,0,0,0,0,0,0,0,0,0,0,0,0,0,0,0,0,0,0,0,0,1,0
5464,4d173c7fcb0f6bacfd31227558490c0d,0,1,1,0,1,1,1,0,0,0,0,0,0,0,0,0,0,0,0,0,0,0,0
5469,4d19655d46028f8d76299fcda129e9d2,0,1,1,1,1,1,1,1,0,0,0,0,1,0,1,1,0,0,0,0,0,0,0
5510,4e163599d4c5f2ea99f1e362574395c4,0,1,1,0,1,0,1,0,0,1,0,0,1,0,0,0,0,0,0,0,0,0,0
5518,4e8c6c9508d1baa221a0603ca797c09f,0,1,1,1,1,0,1,1,0,0,0,0,0,0,1,1,0,0,0,0,0,0,0
5532,4eb4c6847976cea22cfa60d254ea7955,0,1,1,1,1,0,1,0,0,0,0,0,0,0,0,1,0,0,0,0,0,0,0
5543,4ec04eeaeb92999f172d715b14778cc1,0,1,1,1,1,0,1,0,0,0,0,1,0,0,1,0,0,0,0,0,0,0,0
5551,4eec281375b6d8de355bc7f5ce6107f5,1,1,1,1,1,0,1,1,1,0,1,0,0,0,0,0,0,0,0,0,0,0,0
5567,4f915b8fd0e0b00021ee799a232e80d7,0,1,1,0,1,0,1,1,0,1,0,1,0,0,0,1,0,0,0,0,0,0,0
5582,4fba4b79bfe1c7f4ce494d72b528e408,0,0,1,0,1,1,1,0,1,0,0,0,1,0,1,1,0,0,0,1,0,0,0
5603,5085db2422dd457f81d595b1adbfe4a8,1,1,1,1,1,1,1,1,1,0,1,0,0,0,0,0,0,0,0,0,0,0,0
5653,5088f296d47983033db15af390403713,0,1,1,1,1,0,1,1,1,1,1,0,0,0,0,1,0,0,0,0,0,0,0
5674,50b02ade5133cc6c9da2573f5deb489e,0,0,0,0,0,0,0,0,0,0,0,0,0,0,0,1,0,0,0,0,0,0,0
5677,51006ca5d6592611a001f18c77adcb86,0,1,1,0,1,0,1,0,0,0,0,0,0,0,0,0,0,0,0,0,0,0,0
5681,511e5e8012881579f5f0ba089577cb5c,0,0,0,0,0,1,0,0,0,0,0,0,0,0,0,0,0,1,0,0,0,0,0
5683,514046f7694ccccfc534baf5a573f7e4,0,1,1,0,1,0,1,1,0,0,0,0,1,0,1,1,1,0,0,0,0,0,0
5701,5172f2538739cd7b096c2e039cca13bb,0,1,1,1,1,0,1,1,1,0,0,1,0,0,1,1,0,0,0,0,0,0,0
5745,51a344e411d1ca1efccb949e151faeec,1,1,1,0,0,0,1,0,1,1,1,0,0,0,1,1,0,1,0,0,0,0,0
5757,51d15c7f78bfff49bdd2a9e43c686c57,1,1,1,0,1,1,1,0,1,0,1,0,1,0,0,0,0,1,0,0,0,0,0
5768,520c53e60a665c9c1c78671024f640a7,0,1,1,1,0,1,1,1,1,0,1,0,0,0,1,1,0,1,0,0,0,0,0
5786,5269bedc00c765383dbd9b75214d6107,0,1,1,0,1,0,1,0,0,0,0,1,0,0,0,0,0,1,0,0,0,0,0
5792,52ca2225de17679b74f9b51468b5bd13,0,1,0,0,1,0,1,1,1,0,1,0,0,0,0,1,0,0,0,0,0,0,0
5802,5393129fdf773191f7b3de51b35bb15d,1,1,1,0,1,0,1,1,0,0,1,0,0,0,0,0,0,0,1,0,0,0,0
5815,53a0b26f55392f7db475bd6891f89587,0,1,1,1,1,0,1,0,1,0,1,0,0,0,0,1,0,0,0,0,0,0,0
5823,544dcd8988c23baf7f4bb54539131370,0,1,1,0,1,0,1,0,0,0,0,0,0,0,0,1,1,0,0,0,0,0,0
5831,549b90690b243ca14c0d4444c45b2d6d,0,0,0,0,0,0,0,0,0,1,0,0,0,0,0,0,0,0,0,0,0,0,0
5832,549c2f07029b3b89c39b1a234eea17e7,0,1,1,0,1,0,1,0,0,0,0,0,0,0,0,0,0,0,0,0,0,0,0
5836,54ba4ccb40da72d1174d206436d0b8c1,0,0,0,0,0,1,0,0,0,0,0,0,0,0,0,0,0,0,0,0,0,0,0
5839,54ca6ba06580997b4600d4ec927d877e,0,1,1,1,1,1,1,1,0,0,0,0,0,0,0,0,0,0,0,0,0,0,0
5882,54ebefdcff1b349d2a636ee2cab0d2d9,0,1,1,0,1,1,1,1,0,0,0,1,0,0,0,0,0,0,0,0,0,0,0
5910,5500242e507e4bf5e811b78b98ef8aa0,0,0,0,0,1,0,0,0,0,0,0,0,0,1,0,0,0,0,0,0,0,0,0
5912,550aaeb9d28d0231ba47db578c79b2f6,0,0,0,0,0,0,0,0,0,0,0,0,0,0,0,1,0,0,0,0,0,0,0
5913,55238082030979fdd9e5f3f28bdc3d41,0,1,1,0,1,0,1,0,0,0,0,0,0,0,0,0,0,0,0,0,0,0,0
5917,55e5218c49cddd5979cfe8d99aebe211,0,1,1,0,1,0,1,0,0,1,0,0,0,0,0,0,0,0,0,0,0,0,0
5922,5626694c4b0611f4d609ade48f9c33ea,0,1,1,0,1,0,1,1,0,0,0,1,0,0,0,0,0,0,0,0,0,0,0
5928,5643e7f48ecaaa954360dcea11326f90,1,1,1,0,0,0,1,0,1,1,1,0,0,1,0,0,0,0,1,0,0,0,0
5937,571f164f7c0755e4a9b8b81677ae8108,0,1,1,0,1,0,1,1,1,1,1,0,0,0,0,1,0,0,0,0,0,0,0
5956,57355471e5fc8052b717b33a9c15c8bb,0,0,0,0,0,1,0,1,0,0,0,0,0,0,0,0,0,1,0,0,0,0,0
5962,578a167f3ac0dde4f7d640f73a162fbb,1,1,1,1,1,0,1,1,0,0,1,0,0,0,0,0,0,1,0,0,0,0,0
5979,57c581fe3e3db95790033d16cd40612c,0,1,1,0,1,1,0,1,0,0,0,0,0,0,0,0,0,1,0,0,0,0,0
5985,57c8465ad95217be2406e567acfe5adc,0,1,1,1,1,0,1,0,0,0,0,0,0,0,0,0,0,0,0,0,0,0,0
5990,57d215f2f98eec7cb3643c6632345706,0,1,1,0,1,0,1,0,0,0,0,0,0,0,0,0,0,0,0,0,0,0,0
5994,57e5c76a77ab90a452aef66b3321ef94,1,1,1,0,0,0,1,0,1,0,1,1,0,0,0,0,0,0,1,0,0,0,0
6002,5866ed2d85dc83aefc56c03b0c4e0cb2,0,1,0,0,1,0,0,0,0,0,0,1,0,0,0,0,0,0,0,0,0,0,0
6005,589eaa80315e2d1e3f63bdcffb52bb08,0,1,0,0,1,0,1,1,0,1,0,0,0,0,0,0,0,0,0,0,0,0,0
6010,58edfdc0d9a5d6545493b55f57f92706,1,1,1,1,1,0,1,1,1,0,1,1,0,0,1,1,0,0,0,0,0,0,0
6049,59334d4276f4dea8ae7f7f69d8e50fd1,0,1,1,1,1,0,1,1,0,0,0,1,0,0,1,1,0,1,0,0,0,0,0
6074,5984590369784a743c04b9d9406a1942,0,1,1,1,1,0,1,1,1,1,1,0,0,0,1,1,0,0,0,1,0,0,0
6112,59ad0757ef2b3147ec650c7725d4189b,0,1,1,0,1,0,1,1,1,0,1,1,0,0,0,1,0,0,0,0,0,0,0
6121,59bdf3b757649e1240916defe88d907a,0,1,0,1,1,0,1,1,0,0,0,0,1,0,1,0,0,0,0,1,0,0,0
6130,59c7a52fcbad645262a9d47c37718761,0,1,1,0,1,0,1,1,0,0,0,1,0,0,0,0,0,0,0,0,0,0,0
6140,5a3e9a1f1254bd8435cb156a36434e6f,0,1,1,0,1,0,1,0,1,1,1,0,0,0,0,0,0,0,0,0,0,0,0
6149,5a8c64f33e9d268f81e5c697c5361eae,0,1,1,0,1,0,1,0,0,0,0,0,0,0,1,1,0,0,0,0,0,0,0
6156,5a90e9973c256c19c17b03bdda1c1fc4,1,1,1,1,1,1,1,1,1,0,1,0,0,0,1,1,1,0,0,1,0,0,0
6187,5ab705cd907b3c74ea390841553d7e7b,0,1,1,1,1,1,1,0,1,1,1,0,1,0,1,0,0,0,0,0,0,0,0
6207,5b0b888ce0b2ffa32524aac3c1cf8d37,0,0,0,1,0,0,0,0,1,0,1,0,0,0,0,0,0,1,0,0,0,0,0
6228,5b6e0e28ca9c0ad0c28b9833e0f6f3bb,1,1,1,0,1,0,1,0,1,0,1,1,0,0,0,0,0,0,1,0,0,0,0
6237,5b739aadc5308f5c4b98cdb12a5b4bb3,0,1,1,1,1,0,1,1,0,1,0,0,0,0,1,1,0,0,0,0,0,0,0
6260,5bad87d58cd78093eeea2543a9eaa915,0,1,1,0,1,1,1,0,0,0,0,0,0,0,1,1,0,0,0,0,0,0,0
6267,5cc41caf408dda07644802b540b0fae8,0,1,1,0,1,0,1,0,0,0,0,0,0,0,0,1,0,0,0,0,0,0,0
6272,5ce08b9be82835b1e0ec4fa23e7179c5,0,1,1,1,1,1,1,1,1,0,1,1,0,0,0,0,0,0,0,0,0,0,0
6284,5ce0a8ef13021601ba06c305cc6d4fbe,0,1,1,1,1,0,1,0,0,0,0,1,0,0,0,0,1,0,0,0,0,0,0
6292,5d91115e38308fbbcf738ae08be36c0c,1,1,1,0,1,0,1,0,0,0,1,0,0,0,1,1,0,0,1,0,0,0,0
6306,5de23b06c399efbbcb1e691fff3f9cf3,0,1,1,0,1,0,1,0,0,0,0,0,0,0,0,0,0,1,0,0,0,0,0
6311,5e2991eb04597154c4c818c705a83714,0,1,1,0,1,0,1,0,0,0,0,0,0,0,0,0,0,0,0,0,0,0,0
6315,5f019dad536b950ee380f02f801ef821,1,1,1,1,1,0,1,0,1,1,1,1,0,0,0,1,0,0,0,0,0,0,0
6331,5f075d270e0cb3da5b6660dd59f3ad8d,1,1,1,1,1,1,1,1,1,0,1,0,0,0,0,1,0,0,0,0,0,0,0
6353,5f7a028c0833b707f467e642dbbba94c,0,1,1,1,1,1,1,0,0,0,0,1,0,0,0,0,0,0,0,0,0,0,0
6362,602502c44ff131d642975f04c3e9328f,0,1,1,1,1,1,1,0,0,0,0,0,0,0,1,1,0,0,0,0,0,0,0
6371,604062fd35365e259606987533396503,0,1,1,1,1,1,1,0,1,0,1,0,0,0,0,1,0,0,0,0,0,0,0
6389,627f50253b42607513a1c93bb68201ad,0,1,1,1,1,0,1,1,1,0,0,1,0,0,0,1,0,0,0,0,0,0,0
6887,6300c5ac3661082132d9db2f9fd96850,0,1,1,0,1,0,1,0,0,0,0,1,0,0,0,0,0,0,0,0,0,0,0
6892,634e69cfa62279449e8765e7c4fbd768,0,1,1,0,1,0,0,0,0,0,0,1,0,1,0,0,0,0,0,0,0,0,0
6900,638a7b0cb6c8c36914929f0f6dec5f99,1,1,1,1,1,0,1,1,1,0,1,0,0,0,1,1,0,0,1,0,0,0,0
6914,6447dd1e764aa2035f2ff6febdcd903b,1,1,1,1,1,0,1,0,1,0,1,0,0,0,0,0,0,0,1,0,0,0,0
6923,644e0fa1e929604a8edb1430ae6c7a0c,0,1,1,0,0,0,1,0,0,1,0,0,0,0,0,0,0,1,0,0,0,0,0
6930,645bf5f106758155d7d941623c9c6776,0,1,1,0,1,0,1,0,0,0,0,0,0,0,0,0,0,0,0,0,0,0,0
6934,6479fa55065c7db1c8903855a765a3e2,0,1,1,0,1,0,1,0,0,0,0,0,0,0,0,0,0,0,0,0,0,0,0
6938,64b11b91d10d9b18e395f1870a070788,1,1,1,1,1,0,1,1,1,0,1,1,0,0,1,1,0,1,0,0,0,0,0
6975,6500ae39d2f7d8f84514ae25ec777a90,1,1,1,0,1,1,1,0,0,0,0,0,0,0,0,0,0,1,1,0,0,0,0
6985,6523b0c048a6b137256cafc1523c2c2e,0,1,1,1,1,0,1,0,1,0,1,0,0,0,1,1,0,0,1,0,0,0,0
6997,6599be6f48c75cd41e1414e7a7cd22e5,0,0,0,0,0,1,0,0,0,0,0,0,0,0,0,0,0,0,0,0,0,0,0
6998,66156a8939ecab2faa5b3894d660dece,1,1,1,1,1,1,1,0,1,1,1,1,0,1,1,0,0,1,0,1,0,0,0
7054,668a41f056472415c920e6541ed99a12,1,1,1,0,1,0,1,0,1,0,1,0,0,0,0,0,0,0,0,0,0,0,0
7061,668f7ab9e3245b7aafd3b6b608770fb1,0,1,1,0,1,1,1,1,0,0,0,0,0,0,0,0,0,0,0,0,0,0,0
7171,66b10fd6c2896eb0544358c22f857daf,1,1,1,1,1,0,1,0,1,1,1,0,0,0,1,1,0,0,1,1,0,0,0
7199,66b31f5f5cd3fe44a57318ede88e25f6,1,1,1,0,1,0,1,1,1,0,1,1,0,0,0,0,0,0,1,0,0,0,0
7214,66d1fab17f5b7bcf9e43ae0438a2a6cf,1,0,0,1,0,0,0,1,1,0,1,0,0,0,1,1,0,0,0,0,0,0,0
7253,674897285cc1fd33e445cf142f129902,0,0,0,1,0,1,0,0,0,0,0,0,0,0,0,1,0,0,0,0,0,0,0
7256,6767e5a691dcd5bc12000fb1bf2cd27d,0,1,0,0,1,0,1,1,0,1,0,1,0,1,0,0,0,0,0,0,0,0,0
7263,679eba26c4e75e0afb178360becfa21b,0,1,1,0,1,0,1,0,1,0,0,0,0,0,0,0,1,0,0,0,0,0,0
7270,67aa33901d64ba01ce58d10cc1f0751e,0,1,0,0,1,0,0,1,1,0,1,0,0,0,0,0,0,1,0,0,0,0,0
7279,67ccddef177d06905f6603f051afee72,0,1,0,0,1,0,1,1,0,0,0,0,1,0,0,1,0,1,0,0,0,0,0
7288,67e44c02222349a4e5aff1233d06b8ce,0,1,1,1,1,0,1,1,0,0,0,0,0,0,1,1,0,0,0,0,0,0,0
7311,67f7ee21393060f86207711face96b90,0,0,1,0,0,1,1,1,0,0,0,0,0,0,0,0,0,0,0,0,0,0,0
7316,68142b43f18b2a9addc20e685cfa2d3e,0,1,1,0,1,1,1,0,0,1,0,0,0,0,0,0,0,0,0,0,0,0,0
7323,681be137529c920b3fe7ca9b11001304,0,1,1,1,1,1,1,1,1,0,1,0,0,0,1,1,0,0,0,0,0,0,0
7506,6877379ae964e4471be536bc71aceb0c,0,0,0,0,0,0,0,0,0,0,0,1,0,0,0,0,0,0,0,0,0,0,0
7507,6913af0efb0e6d62a4ed4ebd949f772e,0,1,0,0,1,0,1,1,0,0,0,0,0,0,0,0,0,0,0,0,0,0,0
7512,6a44861a524688ce200eb1dd74f1ec13,1,1,1,0,1,0,1,0,1,0,1,0,0,0,0,1,0,1,1,0,0,0,0
7522,6a50932e4131dfcb0c07bb68a6424a19,0,1,1,0,1,0,1,0,0,0,0,1,0,0,0,0,0,0,0,0,0,0,0
7527,6b03383c14cd259c5fd84d98929d8073,1,1,1,0,0,0,1,0,0,0,0,0,0,0,0,1,0,0,1,0,0,0,0
7533,6b127f16e353afcb2ca1856278059f3a,1,1,1,0,1,0,1,1,0,0,1,0,0,0,0,0,1,0,0,0,0,0,0
7542,6b2086f59270bdb54200860df038f920,1,1,1,0,1,0,1,1,1,0,1,0,0,0,0,1,0,0,0,0,0,0,0
7564,6b3bfe87a5b8f183e3cf042103e15da6,1,1,1,0,1,0,1,0,1,0,1,0,0,0,0,0,0,0,1,0,0,0,0
7579,6b41e43bf0a42c1a96e10f061c2fdc0f,0,1,1,0,1,0,1,1,0,0,0,0,0,0,0,0,0,0,0,0,0,0,0
7584,6bfa46a06fc54864c56230aaf3c79e42,1,1,1,1,1,0,1,0,1,0,1,0,0,0,0,0,0,0,0,0,0,0,0
7596,6c33305d1461f30e67d3284b367b36c1,0,1,1,1,1,1,0,0,1,0,1,0,0,0,1,1,0,0,0,0,0,0,0
7614,6c4f1c8d83df5679c8e706fa960ef2e2,0,1,1,0,1,1,1,0,0,0,0,0,0,0,0,0,1,0,0,0,0,0,0
7621,6c8097d370dca54d43273c076df3f905,1,1,1,1,1,1,1,0,0,0,0,0,0,0,0,1,0,1,0,0,0,0,0
7633,6cc98769c405e970598f8a2b06678368,0,1,0,0,1,0,1,1,0,0,0,1,1,0,0,0,0,0,0,0,0,0,0
7639,6cd4b3af304d32aefeb446632209c00d,1,1,1,0,1,0,1,0,0,0,1,1,0,0,0,1,1,0,1,0,0,0,0
7651,6d02e41c8e9947497e07f058a3f58180,0,1,1,1,1,0,1,1,1,1,1,0,1,0,1,1,1,0,0,0,0,0,0
7721,6d10343865a561ed94f42f7f11e193b5,0,0,0,0,1,0,0,0,0,0,0,0,1,0,0,0,0,0,0,0,0,0,0
7723,6d1635dc013afbcd32cbf263fefd1da2,0,1,1,0,1,0,1,1,0,0,0,1,0,0,0,0,0,0,0,0,0,0,0
7729,6d65eaa215af62fb2d525313bd595c76,0,0,0,1,0,0,1,1,0,0,0,0,0,0,0,0,0,0,0,0,0,0,0
7736,6d66d3af4a1e1cc0cd828bf070b9cea4,0,1,1,1,1,0,1,1,1,0,0,1,0,0,0,1,0,0,0,0,0,0,0
7757,6d6a965b76b7438f073e286c410b6172,0,0,0,0,0,1,0,0,0,0,0,0,0,0,0,0,0,0,0,0,0,0,0
7758,6d72103921deb3f259ad4f3b5010d645,1,1,1,0,1,0,1,0,1,0,1,0,0,0,1,0,0,0,0,0,0,0,0
7768,6dc3dec7644a5be8187fd5edfb7dc961,0,0,0,0,0,1,0,0,0,0,0,0,0,0,0,0,0,0,0,0,0,0,0
7769,6e4214a92f2f666f39cab4f3f85552a1,1,1,1,0,1,0,1,0,0,0,1,0,0,0,0,0,0,0,0,0,0,0,0
7775,6e488a2cd37d0be31525956b781329ef,0,1,1,1,1,0,1,0,0,0,0,0,0,0,1,1,0,0,0,1,0,0,0
7784,6ebd67ba68c521c86d797a1c439d6de9,0,1,1,0,1,0,1,0,0,0,0,0,0,0,0,0,0,0,0,0,0,0,0
7788,6ed0c8f06d0e3853edafbea251c85e23,0,1,1,0,1,1,1,0,0,0,0,0,0,0,0,1,0,0,0,0,0,0,0
7794,6ed6795bd1ceb8e34090bab0abe5d427,0,1,1,0,1,0,1,0,1,1,1,0,0,0,1,0,0,0,0,0,0,0,0
7805,6f227f1eed0b0a2d593c2393191465d7,0,1,1,1,1,0,1,1,0,0,0,0,0,0,0,0,1,0,0,0,0,0,0
7812,6f85b2697597c8fbcfd59ac98452fbbd,1,1,1,0,1,0,1,0,0,0,0,0,0,0,0,1,1,0,0,0,0,0,0
7822,707b28277600d533b82416346e1e0c03,0,1,1,0,1,1,1,0,0,0,0,1,0,0,0,0,0,0,0,0,0,0,0
7829,707c3d0d8b21bdc7589361f41a64624a,0,1,0,0,1,0,1,1,0,0,0,1,0,0,0,0,0,0,0,0,0,0,0
7835,70a531dec42819345490a13d996c2c02,0,1,1,1,1,0,1,1,0,0,0,1,0,0,1,1,0,0,0,0,0,0,0
7851,71125c5ba4a2db3a6936461824a39454,0,0,0,0,0,1,0,0,0,0,0,0,0,0,0,0,0,0,0,0,0,0,0
7854,7115885d17a96f6885501a5193340ef3,0,0,0,0,0,0,0,0,0,0,0,0,0,0,1,0,0,0,0,0,0,0,0
7855,71bc35c99af9dc4764efddef3507c7f6,0,1,1,1,1,1,1,1,0,0,0,0,0,0,0,0,0,0,0,0,0,0,0
7873,72ba1daf18a4f8d055f638a01e0ce00f,1,1,1,1,1,0,1,1,1,0,1,1,0,0,1,1,0,0,0,0,0,0,0
7891,72ddc089f598099bef84a1d427453518,0,1,1,0,1,0,1,0,1,0,1,0,0,0,0,1,0,0,0,0,0,0,0
7900,7330db2476147855496e9baf3c68fa1f,1,1,1,1,1,0,1,1,1,0,1,0,0,0,0,1,0,0,0,0,0,0,0
7920,7358e98fcaee5650976f24757afaee80,0,1,1,0,1,0,1,0,0,0,0,0,0,0,0,0,0,0,0,0,0,0,0
7924,73a754cf72593344bcd2412c1c24975b,1,1,1,1,1,0,1,0,1,0,1,1,0,0,1,1,0,0,1,1,0,0,0
7949,73e6e088d9488e7282bb8401c9e1dd8c,1,1,1,0,1,0,1,1,0,0,1,0,0,0,0,1,1,0,0,0,0,0,0
7968,740ba60aca6e9c45ff92f344eba5e2ff,0,0,1,0,0,1,0,0,0,0,0,1,0,0,0,0,0,1,0,0,0,0,0
7972,74211274966334ab67e873e978419c5a,0,1,1,1,1,0,1,0,0,0,0,0,1,0,0,0,0,0,0,0,0,0,0
7978,7446531cc6fc95e443b3b10e37ee41c3,0,1,1,1,1,0,1,0,1,0,1,0,0,0,1,1,0,0,0,0,0,0,0
8000,746355602a97e0c70015a35f67a96f71,1,1,1,1,1,0,1,1,1,0,1,0,0,0,0,1,0,1,0,0,0,0,0
8027,747b98f5b9a90cabcc4ac3ff2840fb46,0,1,1,0,1,1,1,0,0,0,0,0,0,0,0,0,0,1,0,0,0,0,0
8037,74b4605360487e1fd352f818a7f28129,0,1,1,0,1,1,1,1,0,0,0,0,0,0,0,0,0,0,0,0,0,0,0
8051,74bd56df483092f61846d1ebd02b2536,0,1,1,1,1,1,1,0,1,0,1,0,0,0,0,0,0,0,0,0,0,0,0
8060,7520b85fc31f422a5f6531ec8004bf94,0,1,1,1,1,1,1,1,0,0,0,0,0,0,0,0,0,0,0,0,0,0,0
8068,75c4f78f115de72ae4a0d456d03f7529,0,1,1,0,1,0,1,0,0,0,0,0,0,0,0,0,0,0,0,0,0,0,0
8072,75d2bc30393a330ef5b14e6a4eba2d1c,0,0,0,1,0,0,0,0,0,0,0,0,0,0,0,1,0,0,0,0,0,0,0
8075,75e3b90cb9981e0f1fb2ed830082ea47,0,1,0,0,1,0,1,1,0,0,0,0,1,0,0,0,0,0,0,0,0,0,0
8084,75e92ba9628c247b79a4172ab5d7bbe5,0,1,0,0,1,0,1,1,0,0,0,0,1,0,0,0,0,0,0,0,0,0,0
8089,760a8cfc450157aaeaa91a6ec90a9230,1,0,0,1,0,1,0,1,1,0,1,0,0,0,0,1,0,0,1,0,0,0,0
8107,767d72bd1c8727eb968a3c4c454b2441,0,0,0,1,0,1,0,1,0,0,0,0,0,0,0,0,0,1,0,0,0,0,0
8112,769ddb400388cd7c986ef46d4bdcf124,0,0,1,0,0,1,1,1,0,0,0,0,0,0,0,0,0,0,0,0,0,0,0
8116,769e151ca90161c3fabb9201fef80d1a,0,1,1,0,1,0,1,0,0,0,0,0,0,0,0,0,0,0,0,0,0,0,0
8120,76fe70e7bdbb37ae744fce3af3dce538,0,1,1,0,1,1,1,0,0,0,0,1,0,0,0,0,0,0,0,0,0,0,0
8128,778645be9653b2f7a43ac7f0c7811fcc,0,0,0,0,0,1,0,0,0,0,0,0,0,0,0,0,0,0,0,0,0,0,0
8131,778db99f685b5fa7e8ab7fe0ca3b04b2,0,1,1,0,1,1,1,1,0,0,0,0,0,0,0,0,0,1,0,0,0,0,0
8144,778debf52fcae3fbb12a48895458de51,0,1,1,1,1,0,1,1,0,0,0,0,0,0,0,0,0,0,0,0,0,0,0
8150,780942ac87621f10088d6a48fd3e1e6c,0,1,1,1,1,0,1,0,0,0,0,0,0,0,0,1,0,0,0,0,0,0,0
8157,7812c9accce8c30ca1f476f9bcf64914,0,1,1,0,1,0,1,0,1,0,0,0,0,0,0,0,0,0,0,0,0,0,0
8162,785f2edf4f847733164fd462c1e53eed,0,1,1,0,1,0,1,1,0,0,0,1,0,0,0,0,0,0,0,0,0,0,0
8170,786a751a12adb8e6f424e522319e1231,0,1,1,1,1,0,0,1,0,0,0,0,0,0,0,0,0,0,0,0,0,0,0
8176,788e35267ab5e0cc35b8e725259bb39a,0,0,0,0,0,1,0,1,0,0,0,0,0,0,0,0,0,0,0,0,0,0,0
8190,78f13526411c5a1aa4db7aaaa7fe853f,0,1,1,1,1,0,1,0,1,1,1,0,0,1,1,1,0,1,0,0,0,0,0
8207,7938947afcc7548697b95f5a6239ebb0,0,1,1,1,0,0,1,0,0,1,0,1,0,0,0,0,0,0,0,0,0,0,0
8214,7988a524a469e5482af64d5cae1e556f,0,0,0,0,1,0,0,0,0,0,0,0,0,0,0,0,0,0,0,0,0,0,0
8215,79bcd342e50f3d187104aa2849b51375,1,1,1,1,1,1,1,1,1,0,1,0,0,0,1,1,1,0,1,0,0,0,0
8238,79f8cf6ce571f244b48b0d9132fc168b,0,1,1,1,1,0,1,0,1,0,1,0,0,1,1,1,0,0,0,0,0,0,0
8264,7aa38e21f89ff1055e61790c4dee4085,0,1,1,0,1,0,1,0,0,0,0,0,0,0,0,1,0,1,0,0,0,0,0
8271,7b16286bd9dc0c70b946686e2acdf469,0,1,1,0,1,0,1,0,0,0,0,0,0,0,1,1,1,0,0,1,0,0,0
8280,7b86433951831429fc9a935625c31f77,0,1,1,1,1,0,1,1,0,0,0,0,0,0,0,0,0,0,0,0,0,0,0
8357,7c172280a985eae7ad5b90b4977cae01,1,1,1,1,1,0,1,1,1,0,1,0,0,0,1,1,0,0,0,0,0,0,0
8375,7ca83bec7b758eaa006f3b6fdb3bd2a5,1,1,1,0,1,1,1,0,0,0,0,0,0,0,0,1,0,0,0,0,0,0,0
8383,7dffb5890365745ed06dced70db09ad0,0,0,0,0,1,0,0,0,0,0,0,0,0,0,1,0,0,0,0,0,0,0,0
8385,7e0c563669194b3ae6794c0921fdc195,0,0,0,0,1,0,0,0,1,0,1,0,0,0,0,1,1,0,0,0,0,0,0
8394,7e17829428af94540036cd0c32451b61,0,1,1,1,1,0,1,1,1,0,1,0,0,0,0,0,0,0,0,0,0,0,0
8411,7e21c83d1a2ad5c1cddd599478467a89,0,1,1,1,1,0,1,1,0,0,0,0,0,0,0,1,0,0,0,0,0,0,0
8419,7ec7d876fc0b0a266f0bbe7f1e086f16,1,1,1,1,1,1,1,0,1,0,1,0,0,0,1,1,1,0,1,0,0,0,0
8436,7f132284f2c53ef1d6c3b63f97a15bde,1,1,1,0,1,0,1,0,0,0,1,0,1,0,0,1,0,0,1,0,0,0,0
8447,801dc2c88d84b44f231bc2dd186ee311,0,0,0,0,0,0,0,0,0,0,0,0,0,0,1,1,0,1,0,0,0,0,0
8450,80584b0d93d611a6fe7778907d7df02c,1,1,1,1,1,0,1,0,1,0,1,0,0,0,1,1,1,0,1,0,0,0,0
8472,807a38fcff8eb664c9ffb059bd89bc35,0,1,1,1,1,0,1,1,1,0,1,0,0,0,1,1,0,0,0,0,0,0,0
8494,80db5265ec07c224f0f32e53e1cad09b,0,1,1,0,1,0,1,1,0,0,0,0,0,0,0,0,0,0,0,0,0,0,0
8499,80e035ec21699e3862193adabe703bc8,0,1,0,0,1,0,0,0,0,0,0,0,0,0,0,0,0,0,0,0,0,0,0
8501,8139195f21348897ab019c71872c76e3,0,1,0,1,1,0,1,1,0,0,0,0,0,0,0,1,0,0,0,0,0,0,0
8513,81d7b7d89e06767d80a1aba25e4e3609,0,1,1,1,1,0,1,1,1,0,1,0,0,0,1,0,0,0,0,1,0,0,0
8525,821444cb337f85c41d9c4f1f057a26fc,1,1,1,1,1,0,1,0,1,1,1,0,0,0,1,1,0,0,1,0,0,0,0
8553,821abef4e323933a74c6bed01a7b89a2,0,1,1,1,1,1,1,1,0,1,0,1,0,0,0,1,0,0,0,0,0,0,0
8569,822224080b77fceb948b2c323cd95fbf,0,0,0,0,1,0,0,0,0,0,0,0,0,1,0,0,0,0,0,0,0,0,0
8571,829ecc5ca524bdfcfe1b1e7f21d1f9c7,1,1,1,0,1,0,1,1,1,0,1,0,0,0,0,1,0,1,1,0,0,0,0
8599,82c17d120e9b1a59dfc39c7d3bd81f3c,1,0,0,0,0,0,0,0,1,0,1,0,0,0,0,1,0,0,0,0,0,0,0
8604,82e7a8b7a900896b582e98b1fc8e3367,0,1,1,1,0,0,1,0,0,0,0,0,0,0,0,0,0,1,0,0,0,0,0
8609,8314aa5b02faee1547c149df74112729,0,1,1,1,1,1,1,1,0,1,0,0,0,0,0,0,0,0,0,0,0,0,0
8631,831944d3be354b35c7f47854d72096bd,0,1,1,0,1,0,1,0,0,0,0,0,0,0,0,1,0,0,0,0,0,0,0
8636,833489856a3cc8840d47a2c1cadda36d,0,1,1,0,1,0,1,0,0,0,0,0,0,0,0,0,0,0,0,0,0,0,0
8640,835cd46f88d2757fa3551ee0acf12b45,0,1,1,0,1,0,1,0,0,0,0,0,0,0,0,0,1,0,0,0,0,0,0
8645,83771fd0efeb170f450b6eb291794c3b,0,1,0,0,1,0,0,0,1,0,1,0,1,0,1,1,1,0,0,0,0,0,0
8657,838d4f113bf9bc1edf7d845f7c2dc43e,0,1,1,1,1,0,1,1,0,0,0,0,0,0,0,1,0,0,0,0,0,0,0
8672,83cf5f5241e85c4250279a9e47c140ba,1,1,1,1,1,0,1,0,1,0,1,1,0,0,0,0,1,1,1,0,0,0,0
8688,83d8dd0b91a9ac1e25dc3a3989559c05,1,1,1,0,1,0,1,0,0,0,0,0,0,0,0,1,1,1,0,0,0,0,0
8697,841814b648257ddd7ade91f17bd78301,0,1,1,0,1,0,1,0,0,0,0,0,0,0,0,0,0,0,0,0,0,0,0
8701,845035ae3fc96723b46369623ec6ba51,0,0,0,1,0,1,0,1,1,0,0,1,0,0,1,1,0,1,0,0,0,0,0
8807,848a6eee7f07a2cc1059605b691c4283,1,1,0,1,1,0,1,0,1,0,1,0,0,0,0,1,0,0,1,0,0,0,0
8821,84a7354f7a77575b7771689acdd6ec20,0,1,0,0,1,0,1,1,0,0,0,0,1,0,0,0,0,0,0,0,0,0,0
8830,84cb771d0fc432151d11d6e7a40ee0d1,0,1,1,1,1,1,1,1,0,0,0,0,0,0,0,1,0,0,0,0,0,0,0
8858,84e6a179f99783cbeeacf7937377cb50,0,1,1,0,1,0,1,1,0,0,0,0,0,0,0,0,0,0,0,0,0,0,0
8863,8516a2ec257c9f23d92c7e31fbdd7513,0,1,1,0,1,0,1,1,0,0,0,0,1,0,0,0,0,0,0,0,0,0,0
8869,85e070a08a41439a906b832133efbc4f,0,0,0,0,0,0,0,0,0,0,0,0,0,1,0,0,0,1,0,0,0,0,0
8871,85ecbdf860da503c0690c9075206d1e8,0,0,0,1,0,1,0,0,0,1,0,0,0,0,0,0,0,0,0,0,0,0,0
8874,86b9a058b3c7868069082bcb3ed25ef4,1,1,1,0,1,0,1,1,1,0,1,0,0,0,1,1,0,0,0,0,0,0,0
8899,86eb255f018973c03f434ea8e745db1c,0,0,0,0,0,0,0,1,0,0,0,0,0,0,0,1,0,0,0,0,0,0,0
8901,871e8c260d34f08f6d357f02155d3843,0,1,1,0,1,0,1,0,0,0,0,0,0,0,1,1,0,0,0,0,0,0,0
8907,8737985b55e9d3e859bdd9d52a123db4,0,1,1,0,1,1,1,1,0,0,0,0,0,0,0,0,0,0,0,0,0,0,0
8915,8778571a0790a8695a3e4d702962938b,0,1,1,0,1,0,1,1,0,1,0,0,0,0,1,0,0,1,0,0,0,0,0
8937,87d447e36b196fb02624aa4af154048f,1,1,1,0,1,0,1,0,1,1,1,0,0,0,0,0,0,0,0,0,0,0,0
8946,87e610862504ba1b10aac5138bb8cd01,0,1,1,0,1,1,1,1,0,0,0,0,0,0,1,1,0,0,0,1,0,0,0
8961,87f06997f24b6c3647bb0326e1df5d49,0,0,0,1,0,0,0,0,1,0,0,0,0,0,0,1,0,1,0,0,0,0,0
8971,87f1b1447b0ddaff0fa63cddbe85f4e7,1,1,1,0,0,0,1,0,0,1,1,1,0,0,0,0,0,1,1,0,0,0,0
8980,89006c21dbd57e1618ebffb65d145450,1,1,1,1,1,0,1,0,1,0,1,0,0,0,0,1,0,0,0,0,0,0,0
8993,891f5d37673b8b91eaf4e3bb8d111f43,0,1,1,0,1,0,1,1,0,0,0,1,0,0,0,0,0,1,0,0,0,0,0
9000,893a0c4f0f803966e27b255f00a71103,0,1,1,0,1,0,1,1,0,0,0,1,0,0,0,0,1,0,0,0,0,0,0
9015,893dfa8dfcb3aa9a632e79ccff6f4584,1,1,1,0,1,0,1,0,1,1,1,1,0,0,1,1,1,1,0,0,0,0,0
9029,899c9d3d21039b01a2bbe63211cdbed0,0,1,1,0,1,0,1,0,0,0,0,0,0,0,0,0,1,0,0,0,0,0,0
9034,89bf8ed9af86f1e2ada66180b4cc1d95,1,1,1,1,1,0,1,1,0,0,1,0,0,0,0,1,1,0,0,0,0,0,0
9050,8a0638b2adda33ceaa61aa261a66a3ed,0,1,1,0,1,0,1,0,0,0,0,0,0,0,0,0,0,0,0,0,0,0,0
9054,8a0fc920b6ce0011db19bed1c3ebaa35,1,1,1,1,1,0,1,1,1,1,1,1,1,1,1,1,0,0,0,1,0,0,0
9090,8a363411a5e4e2cdeebf01095b156ee4,1,1,1,1,1,0,1,1,1,1,1,0,0,0,1,1,0,0,0,1,0,0,0
9147,8a3762a1abc4d587c45528ff189be776,0,0,0,0,0,0,0,0,1,0,1,0,0,0,0,0,0,1,0,0,0,0,0
9154,8a537c5f1ba279e92f68d14c29da262a,0,1,0,1,1,0,1,1,0,0,0,0,0,0,0,0,0,0,0,0,0,0,0
9161,8a54ae2d2fc297f61a63443d4f070869,1,1,1,1,1,0,1,1,1,0,1,0,0,0,1,0,0,0,0,0,0,0,0
9177,8b0532c4cf4086d43f2c1bcbeeb945a3,0,1,1,1,1,1,1,1,0,0,0,1,0,0,1,1,0,0,0,0,0,0,0
9209,8c8e15a30bee4f2f38197c2fae342d79,0,1,1,0,1,0,1,1,0,0,0,0,0,0,0,0,0,0,0,0,0,0,0
9216,8c9766660bf84148c2eab4fcb4d6f8ef,0,0,0,0,1,0,0,0,0,0,0,0,0,0,0,0,0,0,0,0,0,0,0
9217,8ca5d6fc5af82174a484ba6dc7ff6fc6,0,1,1,1,1,1,1,0,1,0,0,1,0,0,0,0,0,0,0,0,0,0,0
9226,8cd1768507df583eeb41be4549cfc6f2,0,0,1,0,0,1,0,0,0,0,0,0,0,0,0,0,0,0,0,0,0,0,0
9228,8cf789a4f14413c7ac58d3b6e8442cd0,1,1,1,0,1,1,1,1,1,0,1,0,0,0,0,0,0,0,0,0,0,0,0
9238,8d23cbbdc5e6d68c0a181cee6fab677d,0,1,1,0,1,0,1,0,1,0,1,0,0,0,0,0,0,0,0,0,0,0,0
9244,8d98eba8da4d25e9a385bd0960ea9e24,0,0,0,0,1,0,0,1,0,0,0,0,0,0,0,1,0,0,0,0,0,0,0
9249,8dcec6fa577495987c95c2ea82c70bb8,0,1,1,0,1,0,1,0,1,0,1,0,0,0,0,0,1,0,0,0,0,0,0
9257,8e2262cfc8f1d56eb15b7946793e6267,0,1,1,0,1,0,1,0,0,1,0,0,0,0,0,0,0,0,0,0,0,0,0
9262,8e41dac4313f80f2dd619b3de9159a28,1,1,1,0,1,0,1,0,0,0,1,0,0,0,0,1,0,0,0,0,0,0,0
9270,8e5425243cd74edecf4c042b9a3fc52e,0,1,1,0,1,0,1,0,0,0,0,0,0,0,0,1,0,0,0,0,0,0,0
9275,8e5ac6b0656d946a0e8b7d959a9f1926,0,1,1,0,1,0,1,0,0,0,0,0,0,0,0,0,1,0,0,0,0,0,0
9280,8ed5fab9fe953b0224c4eece466ec4f3,1,1,1,1,1,0,1,1,1,0,1,0,0,0,1,1,0,0,0,1,0,0,0
9300,8f101b4972c3d1054470ae652f28e189,0,1,1,1,1,1,1,1,0,0,0,0,0,0,1,0,0,0,0,0,0,0,0
9328,8f2cf06465717d43a9e467baaf510feb,1,1,1,1,1,0,1,1,1,0,1,1,0,0,0,1,0,0,0,0,0,0,0
9352,8fac691a54a01547b5deaf8842d7b518,1,1,1,1,1,1,1,1,1,0,1,0,1,0,1,1,0,0,0,0,0,0,0
9409,8fe7fdfe5927e748a5f6d656228249a1,0,1,1,0,1,1,1,1,0,0,0,0,0,0,0,0,0,0,0,0,0,0,0
9419,8fef4cff78648d43297da347074a3e24,0,1,1,0,1,1,1,0,0,1,0,0,0,0,0,0,0,0,0,0,0,0,0
9425,909a16b970adfbd89fcb845f8e12d230,1,1,1,1,1,0,1,1,0,0,0,0,0,0,0,1,0,0,0,0,0,0,0
9467,90b81ad483767f4b2151e5c7edeb27d0,0,1,1,0,1,1,1,0,0,1,0,0,0,0,0,0,0,0,0,0,0,0,0
9473,90ddc3748676b60b396603c38926b273,0,0,0,0,0,0,0,0,0,1,0,0,0,0,1,0,0,0,0,0,0,0,0
9476,90e7a324a520fc15e8acec664e9996ab,0,1,0,0,1,0,1,1,1,0,1,0,0,0,0,0,1,0,0,0,0,0,0
9483,913098fa626486f5bd2b839c6af1523c,0,1,0,0,1,0,1,1,0,0,0,0,0,0,0,0,0,0,0,0,0,0,0
9491,915e47f102eca5afb029fa69daea279f,0,1,1,0,1,0,1,0,0,0,0,0,0,0,0,0,0,0,0,0,0,0,0
9495,91a25edc35593c212e41f248fd113f09,0,1,1,1,1,0,1,1,0,0,0,0,0,0,0,1,0,0,0,0,0,0,0
9507,91ae383082136af9dd18daba9b401160,0,1,1,0,1,1,1,1,0,0,0,0,0,0,0,1,0,0,0,0,0,0,0
9514,91f561fce4a13388d4ab0a2996cb56f0,0,1,1,0,1,0,1,0,0,1,0,0,0,0,0,0,1,0,0,0,0,0,0
9521,92124dfad792c0fc6ed888640097b6ae,1,1,1,1,1,0,1,1,1,0,1,0,0,0,1,1,1,0,0,1,0,0,0
9573,922fd709f230132011db9de9768cbbe6,0,0,0,0,0,0,0,1,0,0,0,0,0,0,1,0,0,0,0,0,0,0,0
9602,925126d4e7d3d24ed3ba9f1c01474e29,0,1,1,1,1,0,0,1,1,0,1,0,0,0,1,1,0,0,0,1,0,0,0
9631,934fb150965a13e665ee2ab1c65e713b,0,0,0,0,0,0,0,0,0,0,0,0,0,0,0,0,0,1,0,0,0,0,0
9632,93715f94afb115c516d12c1937b4f1d7,0,1,1,1,1,1,1,1,0,0,0,0,0,0,1,1,0,1,0,0,0,0,0
9669,938c8fcc39db7c208cfec1ec968deea6,0,1,1,1,1,0,1,0,0,0,0,0,0,0,0,0,0,0,0,0,0,0,0
9674,940a010cd7c27c56d1b137e3126587de,0,1,1,0,1,0,1,0,0,0,0,1,0,0,0,0,0,0,0,0,0,0,0
9679,943fef8be6868271d6c55274eb9a4ce1,0,1,1,1,1,0,1,0,0,0,0,0,0,0,1,1,0,0,0,0,0,0,0
9695,949adc6cf6c2ad975f24463f2f958def,0,1,1,1,1,0,1,0,0,0,0,0,0,0,0,0,0,0,0,0,0,0,0
9701,951ee6711c16d33ab61db1df9ad9d5ca,0,1,1,0,1,1,1,0,0,0,0,1,0,0,0,0,0,1,0,0,0,0,0
9709,9534a9f95ed14544617afd68468e1d2e,1,1,1,1,1,0,1,1,1,0,1,0,0,0,0,1,1,0,0,0,0,0,0
9724,953b6b4027970736b3fbb1cb4829ea9e,1,1,1,1,1,0,1,1,1,1,1,0,1,0,0,1,1,1,0,0,0,0,0
9857,95a99ca6cfc652200e1deba19d44d230,0,1,1,0,1,0,1,1,1,0,1,0,0,0,1,1,0,0,0,0,0,0,0
9866,95bf9c7b6b06874f4179f4c7abd37f63,0,1,1,1,1,1,1,1,0,0,0,1,0,0,0,1,0,0,0,0,0,0,0
9888,95e7c959d7d39be0a965e9e315906fed,0,1,1,1,1,1,1,1,1,0,1,0,0,0,1,1,0,0,0,1,0,0,0
10119,962e8caab527a3d2933c1b2571eed65d,0,1,1,0,0,0,1,0,0,0,0,1,0,0,0,0,0,0,0,0,0,0,0
10124,96b279023bfc0100152a907e8c69ca93,0,1,1,0,1,1,1,0,0,0,0,0,0,0,0,1,0,0,0,0,0,0,0
10130,96e26d4099aa474043dec9611cd4c408,0,1,1,0,1,0,1,1,0,0,0,0,1,0,1,1,0,1,0,0,0,0,0
10223,96efc98b55ee2ccad65b96d710e18b60,0,1,1,1,1,1,0,0,1,0,1,0,0,0,1,1,0,1,0,0,0,0,0
10246,97002179379ab40ceb28877c0c2a51eb,0,1,1,0,1,0,1,0,0,0,0,0,0,0,0,0,0,0,0,0,0,0,0
10250,9707b182a5df0491c59e62fca2b1f021,0,1,1,1,1,0,1,1,1,0,1,0,0,0,0,0,0,0,0,0,0,0,0
10266,97309235dfe4503a3a97a74504b0c779,0,1,0,0,1,0,1,1,0,0,0,0,1,0,0,0,1,0,0,0,0,0,0
10273,976f01a30bedaa13cd547aa7963652b6,0,0,0,0,1,0,0,0,0,0,0,1,0,0,0,0,0,0,0,0,0,0,0
10275,976fade49ab72e45e8b094366e9f18ae,0,1,0,0,1,0,1,1,0,0,0,0,0,0,0,0,0,0,0,0,0,0,0
10281,981a5f2842f0ddcdd6065b13ba302662,0,1,1,0,1,0,1,0,0,1,0,1,1,0,0,0,0,0,0,0,0,0,0
10290,9843952528b0c5befa672d946c48f801,0,1,1,1,1,0,1,0,1,1,1,1,0,0,0,1,0,1,0,0,0,0,0
10309,98bdf70a4fc9c54661f32cca33f08816,0,1,1,0,1,0,1,0,0,0,0,0,0,0,0,0,0,0,0,0,0,0,0
10317,98fc4ef6c366be459ff541fafa558acc,0,1,1,1,1,0,1,1,1,0,0,0,0,0,0,0,0,0,0,0,0,0,0
10330,993319752a12d6cdfd1b877c0a410981,0,1,1,0,1,0,1,0,1,1,1,1,0,0,0,1,0,0,0,0,0,0,0
10343,99ae31591d5029b13d0575c3cda34b8e,0,1,0,1,1,0,1,1,0,1,0,1,0,0,1,1,0,1,0,0,0,0,0
10359,99ef82d30ca5bac301e2ccc9af9c2dde,0,1,1,0,1,0,1,1,0,0,0,0,0,0,0,0,0,0,0,0,0,0,0
10366,9a3cb015b64e79f0d956be0e570ffb24,0,1,0,1,0,1,0,1,1,0,1,0,0,0,1,1,0,1,0,0,0,0,0
10489,9a52cf418ad2a4261777f64bb60dd365,0,0,0,1,0,1,0,1,0,1,0,0,0,0,0,1,0,0,0,0,0,0,0
10613,9b05a3e42023b1d9ee63bb485c4b86fd,0,1,0,0,1,0,1,1,0,0,0,1,0,0,0,0,0,0,0,0,0,0,0
10618,9b19c0cc4a33ffdfe693957c48656c66,0,0,0,0,0,1,0,1,0,0,0,0,0,0,0,1,0,0,0,0,0,0,0
10824,9b2a689e53fadada7cfc6678bd6d3b8f,0,1,1,0,1,0,1,1,1,0,1,1,0,0,1,1,0,0,0,0,0,0,0
10840,9b6ca46b1ed001b16f781f7ce3eb9fbf,0,0,0,0,0,1,0,1,0,0,0,0,0,0,0,1,0,0,0,0,0,0,0
10846,9ba8511fc2b376c071807733975a0c6b,0,1,1,0,1,0,1,1,0,0,0,1,0,0,0,0,0,0,0,0,0,0,0
10852,9bcb96bbd74d6ff2935f5a0750c74d0a,1,1,1,0,1,0,1,1,0,0,0,0,0,0,0,0,0,1,0,0,0,0,0
10859,9c00b5f662b4135c2c5a40321591604d,0,1,1,1,1,0,1,1,1,1,1,0,0,0,0,1,0,0,0,0,0,0,0
10914,9c02dc262d403927b3e0c78ff498fa38,1,1,1,0,1,0,1,0,1,1,1,1,0,0,0,0,0,0,0,0,0,0,0
10928,9c4b8ec536508a6c1cf9ab66f4200589,0,1,0,1,1,0,1,1,0,0,0,1,1,0,1,1,0,0,0,0,0,0,0
10968,9c77dda60b3d6e76d4b53723b59c8657,0,1,0,0,1,0,1,1,0,0,0,1,0,0,0,0,1,0,0,0,0,0,0
10981,9c8895003fc345d609d3e3eb14d64a81,0,1,1,1,1,0,1,1,1,0,1,1,0,0,1,1,0,0,0,0,0,0,0
11099,9c8ff5be1f338695ae9cfaf71825c1b7,0,1,1,1,1,0,1,1,0,0,0,0,0,0,0,1,0,0,0,0,0,0,0
11165,9cd6435dd8746424fa9ec666d404eefc,0,1,1,0,1,0,1,0,1,0,1,0,0,0,0,0,0,0,0,0,0,0,0
11179,9e320986489d0baeab6b7533b095a9d8,0,0,0,0,1,0,0,0,0,0,0,0,0,0,0,0,0,0,0,0,0,0,0
11180,9eff5e97f0d2610860d51e66af22b913,0,1,1,0,1,0,1,0,0,0,0,1,0,0,0,0,0,0,0,0,0,0,0
11185,9fc04d9217ecbb735897430654b85ff9,0,1,1,1,1,0,1,1,1,0,0,0,0,0,0,1,0,0,0,0,0,0,0
11228,9feb663e008b9a8187ace8dbc2f7d6b4,0,1,1,0,0,0,1,0,1,1,1,0,0,0,1,0,0,1,0,0,0,0,0
11247,a025f7dc8c09f599c3301673cba6df10,0,1,0,0,0,0,0,0,0,0,0,0,0,0,0,0,0,0,0,0,0,0,0
11248,a0382d88b1b3e83c2e17431033f8135e,0,1,0,1,1,0,1,1,0,0,0,1,0,0,0,1,0,1,0,0,0,0,0
11266,a116db43c30b3def840d39bcc0b4d771,0,1,1,1,1,1,1,1,0,0,0,0,1,0,0,0,0,0,0,0,0,0,0
11275,a15373c48e18ef687f8570ff1a2ea24f,1,0,0,1,0,1,0,0,0,0,1,0,0,0,0,1,0,0,0,0,0,0,0
11281,a15edc94ff08f36f2cee7d4ebef5a6a3,0,1,1,1,1,0,1,1,0,0,0,0,0,0,0,0,0,0,0,0,0,0,0
11289,a1ac89e45a6ecd464bda47f12d2ec349,1,1,1,1,1,0,1,1,0,0,0,0,0,0,1,1,0,1,1,1,0,0,0
11344,a1e30364fb437290e2ba9d40907b1e73,0,1,1,1,1,0,1,0,0,0,0,0,0,0,1,0,0,0,0,0,0,0,0
11350,a1eb5939a9b47d5e67cc8b03d28701e8,0,1,1,0,1,0,1,0,0,0,0,1,0,0,0,1,0,0,0,0,0,0,0
11356,a205accf7283253710380d5869f432fd,0,1,1,0,1,0,1,1,0,0,0,0,0,0,0,1,0,0,0,0,0,0,0
11366,a222ddadbb868f4cf420f234b8f289f5,0,1,1,0,1,0,1,0,0,0,0,0,0,0,0,0,0,0,0,0,0,0,0
11370,a22abda7a39d747ab674cd13224b375a,1,1,1,1,1,0,1,0,0,0,0,0,0,0,1,1,1,1,0,1,0,0,0
11405,a23a2974a70882b4bd66da405a2b80a5,0,1,0,1,1,0,1,1,1,0,1,0,0,0,1,1,0,1,0,0,0,0,0
11423,a278d265aed003fd5b195de3ae6140f4,1,1,1,1,1,0,1,1,1,0,1,0,0,0,1,1,1,0,0,1,0,0,0
11474,a28996167bafacc3b8bb2faeac685426,0,1,1,1,1,0,1,1,0,0,0,1,0,0,1,1,0,0,0,0,0,0,0
11491,a2a8a4e98c233aa86d5b34de7ba6f1d3,0,1,1,0,1,0,1,1,1,1,0,1,0,0,0,0,0,0,0,0,0,0,0
11500,a2d02bb182e368c9841fc45bbea97ad5,0,0,1,0,0,1,0,0,0,0,0,0,0,0,0,0,0,0,0,0,0,0,0
11502,a2e02c36f2999fdcd0f43c7d236f8b98,0,0,1,0,0,1,0,0,0,0,0,0,0,0,0,0,0,0,0,0,0,0,0
11504,a2f519b693092432418dfdbd2a4f4b27,0,0,0,0,0,0,0,0,1,1,1,0,0,1,0,1,1,0,0,0,0,0,0
11512,a3159138ac8676774458788b908b13dc,1,1,1,1,1,0,1,1,1,0,1,1,0,0,1,1,0,0,0,0,0,0,0
11543,a36f9c3e8bcc3c6ac7ee75f9e08c1deb,1,1,1,1,1,0,1,1,1,1,1,1,0,0,0,1,0,1,1,0,0,0,0
11580,a3a6f7a1f0a696ba44ab1d2017d30ba6,1,1,1,1,1,0,1,1,0,0,0,0,1,0,0,1,0,0,0,0,0,0,0
11599,a3e37fd1d509e569750028160a11eef5,0,1,1,0,1,0,1,1,0,0,0,0,0,0,0,0,0,0,0,0,0,0,0
11604,a417496b0f8b0f4d4440187f26b8cb93,0,1,0,0,1,0,1,1,0,0,0,0,0,0,0,0,1,1,0,0,0,0,0
11614,a46e221406b41ce7511ca74b32e9c884,0,1,1,1,1,0,1,1,1,0,1,0,0,0,1,1,0,0,0,0,0,0,0
11629,a4933d8ad8fe82f84a8edc1cd10b7863,1,1,1,1,1,0,1,1,1,0,1,1,1,0,1,1,0,1,0,0,0,0,0
11684,a4ac16a65dd32ee634dcf47c41a26f3f,0,1,1,1,1,1,1,1,0,0,0,0,0,0,0,0,0,0,0,0,0,0,0
11712,a528cce04679dc6316925041fda7db8e,1,1,1,1,1,0,1,0,1,0,1,0,0,0,0,0,0,1,1,0,0,0,0
11724,a529249c937ee94029cde7d9de5493b7,1,0,0,0,0,1,0,0,1,0,1,0,0,0,0,1,0,1,1,0,0,0,0
11747,a54cc0eaca2cd4f351fa8f971495e963,1,1,1,0,1,0,1,0,1,0,1,0,0,0,1,1,0,0,0,0,0,0,0
11777,a5607dfe49110ac2a5deb0c90e7d29c7,1,1,1,1,1,0,1,0,1,0,1,0,1,0,1,1,0,0,0,0,0,0,0
11788,a57271a537989e14ffb371af0dfd43e7,0,0,0,0,0,1,0,0,1,0,0,0,0,0,0,1,0,0,0,0,0,0,0
11793,a573b9eb99f9740d70a649f5c70b4bbc,0,1,1,0,1,0,1,0,1,0,1,0,1,0,0,0,0,0,0,0,0,0,0
11802,a59e4025c1bb226294c748d3f035ce2d,0,1,1,1,1,1,1,0,1,0,1,0,0,0,0,1,0,0,0,0,0,0,0
11817,a6817108396d1fa6a480424ed8a07c41,1,1,1,1,1,0,1,1,1,0,1,0,0,0,0,1,0,1,0,0,0,0,0
11846,a809f5b548d95345ae4a22fcfe23eece,0,1,1,0,0,0,1,0,0,0,0,0,0,1,0,0,0,0,0,0,0,0,0
11850,a814247ceffe76575d332bdd863e255f,0,0,0,0,0,0,0,1,0,0,0,0,0,0,0,0,0,0,0,0,0,0,0
11851,a835f1a442774369304654640c4d3281,0,0,0,0,0,1,0,0,0,0,0,0,0,0,0,0,0,0,0,0,0,0,0
11854,a8a450678cb10862acf4cd3f668e8ad5,0,1,1,1,1,1,1,1,0,0,0,0,0,0,0,1,0,1,0,0,0,0,0
11940,a95a99c3c419db1a6537e72e90de212e,0,1,1,1,1,0,1,0,0,0,0,0,1,0,0,0,1,0,0,0,0,0,0
11948,a96e4ed01f5d304d8e44c86b405d4f46,0,1,0,0,1,0,1,1,0,0,0,0,0,0,0,0,0,0,0,0,0,0,0
11953,a99c81d9b8429d447fb7bf10f0303778,0,1,1,0,1,0,1,0,0,0,0,0,0,0,0,0,0,0,0,0,0,0,0
11957,aa44197c26cbb265ea6a2689dec92a70,0,0,0,1,1,0,0,1,1,0,1,0,0,0,1,1,0,1,0,0,0,0,0
12004,aabfc194d13a045e54743cff0bce595b,0,1,1,1,1,0,1,1,0,0,0,0,1,0,0,1,0,0,0,0,0,0,0
12018,aae9da3e4886f064c8761202132dec19,0,0,0,0,0,0,0,0,0,1,0,1,0,0,0,0,0,0,0,0,0,0,0
12020,aafa71d20b762d550d154efdb185da18,0,1,1,0,1,0,1,0,0,0,0,0,1,0,0,0,0,0,0,0,0,0,0
12025,ab48659559affb5671813091c363e359,1,1,1,0,1,0,1,0,1,0,1,0,0,0,0,1,0,0,1,0,0,0,0
12038,ac4076d64b5244c8cd48cc27b9c3b685,0,0,0,0,0,0,0,1,1,0,0,0,0,0,0,1,0,0,0,0,0,0,0
12042,ac5068a8a165582a1d4bb992527ae5a4,1,1,1,1,1,0,1,1,0,0,0,1,0,0,1,1,0,1,0,0,0,0,0
12059,acd0b647e95e1f0f2084112aca0dd532,1,1,1,1,1,0,1,0,0,0,1,0,0,0,0,1,0,0,0,0,0,0,0
12068,acf1abb850407601161e55306a3753b3,0,0,0,0,0,1,0,0,0,0,0,0,0,0,0,0,0,0,0,0,0,0,0
12069,ad2c1fd52361cc4d1f913fccb877eb9c,0,1,0,1,1,0,1,1,1,0,1,1,1,0,0,1,0,0,0,0,0,1,0
12088,adf1d29908cb27b2309ad29240e9ad3d,1,1,1,1,1,0,1,1,1,0,1,0,0,0,0,1,0,0,0,0,0,0,0
12121,ae526acc2dd2451740108d04ccd95b17,0,1,1,0,1,0,1,1,0,0,0,1,0,0,0,0,1,0,0,0,0,0,0
12129,ae932c52b76c8deb61f8555f64d38490,0,1,1,1,1,0,1,1,0,0,0,0,0,0,0,1,1,0,0,0,0,0,0
12168,aebaf73ed9f8878183d0947eab2d34c5,0,1,1,1,1,0,1,1,1,1,1,1,0,0,1,1,1,0,0,0,0,0,0
12215,af0747383988dcf94429e92fbe10ebce,0,1,1,1,1,0,1,0,1,0,1,1,1,0,0,0,0,0,0,0,0,0,0
12227,af72cc03509045536d463317e73ee425,0,1,1,0,1,0,1,0,0,0,0,0,0,0,0,1,0,0,0,0,0,0,0
12232,afa1317dfa7054ecf957cbd5558084f9,0,1,1,1,1,0,1,1,0,0,0,0,0,0,0,1,0,1,0,0,0,0,0
12278,aff59a6c7c73003a5a0c8d3ee7e3ca44,1,1,1,0,1,0,1,0,0,0,0,0,0,0,1,1,1,0,0,1,0,0,0
12288,b06593178ee0dfe4cc2d8d96659faffb,0,1,1,0,1,0,1,0,0,0,0,0,0,0,0,0,0,0,0,0,0,0,0
12292,b0a4d2c2cbc1e93893bed7df8c016b39,0,1,1,1,1,0,1,1,0,0,0,1,0,0,0,0,0,0,0,0,0,0,0
12305,b0bfd7164148dd944048762123e4d559,0,1,1,1,1,0,1,0,1,0,1,0,0,0,1,1,0,1,0,1,0,0,0
12323,b10e7150d93e6ef244286da36fb38220,0,1,0,1,1,0,1,1,0,0,0,0,0,0,1,1,0,0,0,0,0,0,0
12342,b10f5de20bb7a96395c876202eebef3b,0,0,0,0,0,0,0,0,1,0,1,0,0,0,0,0,0,1,0,0,0,0,0
12346,b1179912740624ef86d49a2036152f94,0,1,1,1,0,0,1,0,0,0,0,1,0,0,0,0,0,0,0,0,0,0,0
12352,b14a194939b3ac8b4808461c9a08f4fc,1,1,1,0,1,0,1,0,1,0,1,0,0,0,0,0,0,0,0,0,0,0,0
12362,b1597273915d78f7c0bcac794e26c5ae,0,1,1,0,1,0,1,0,0,0,0,1,0,0,0,0,0,0,0,0,0,0,0
12367,b162bd63a2e2de93af6f8b5b70fbed95,0,0,0,1,0,1,0,1,0,0,0,0,0,0,0,1,0,0,0,0,0,0,0
12375,b1e48dbcb3e6f3e05691df041028e448,0,1,1,0,1,0,1,0,0,0,0,0,0,0,0,0,0,0,0,0,0,0,0
12379,b2368b598c04638b93d2d2791b6d91a0,1,1,1,1,1,0,1,0,1,0,1,0,0,0,0,1,0,0,0,0,0,0,0
12389,b288242d86302c56eb49562a7d73a5f2,1,0,0,1,0,0,0,0,1,0,1,0,0,0,1,1,0,1,0,0,0,0,0
12401,b28cc231d9fd8bb6f4ab272c053c9943,1,1,1,0,0,0,1,0,1,0,1,1,0,0,0,0,0,0,0,0,0,0,0
12409,b3120c57d714e776f048836d64cfafcd,0,1,1,0,1,1,1,1,0,0,0,0,0,0,0,0,0,0,0,0,0,0,0
12419,b334629b3615e3195cc8e052bf3d7c9e,0,1,1,0,1,0,1,1,1,0,1,1,0,0,0,0,0,0,0,0,0,0,0
12428,b35a523f52bff829684992950147b96d,0,0,0,0,0,1,0,1,0,0,0,0,0,0,0,0,0,0,0,0,0,0,0
12430,b3b25e224b961d410151a64011aff345,0,1,1,1,1,0,1,1,0,0,0,1,0,0,1,1,0,0,0,0,0,0,0
12487,b4135513e6b833207675123cd72d8e38,1,1,1,1,1,0,1,1,1,1,1,1,0,0,0,0,0,0,0,0,0,0,0
12505,b474fa09bfe5955f4f71513a9dca6540,0,1,1,0,1,1,1,1,0,0,0,0,0,0,1,0,0,0,0,0,0,0,0
12514,b5784c46e8e323386dd25b2ae45d0d75,0,1,1,0,1,0,1,0,0,0,0,1,0,0,1,1,0,0,0,0,0,0,0
12523,b58466f0302ba0e51063a9711f153e51,0,1,1,1,1,1,1,1,0,0,0,1,0,0,1,0,0,0,0,0,0,0,0
12540,b5ba580a2d9cad0bf0dd26cb40edbebc,0,0,0,1,0,1,0,1,0,0,0,0,0,0,0,1,0,0,0,0,0,0,0
12591,b5dd3506c3678f169c52811c9307ab92,0,1,1,1,1,0,1,0,1,1,0,1,0,0,1,1,0,0,0,0,0,0,0
12604,b675d2d7060f1305ccb7d00eea3a4517,0,1,0,0,1,0,1,1,0,0,0,0,1,0,0,0,0,1,0,0,0,0,0
12613,b701f724e2c62d8adbaa7da3cb1d23c6,1,1,1,1,1,0,1,0,1,1,1,1,0,0,1,1,0,1,1,0,0,0,0
12640,b75ab0264a9478dc6e2638acc7d22394,0,1,1,0,1,1,1,0,0,0,0,0,0,0,0,1,1,0,0,0,0,0,0
12647,b761b8124df0bb6112805d1a39a580f0,0,1,1,0,1,1,1,0,0,0,0,0,0,0,0,0,1,1,0,0,0,0,0
12655,b79bfee22a00c06d0bcabfd9c8b76298,0,1,1,0,1,0,1,0,0,0,0,0,0,0,0,0,0,0,0,0,0,0,0
12659,b7d310e44eb24665272181551391de58,0,1,1,0,1,0,1,1,0,0,0,0,0,0,0,0,0,0,0,0,0,0,0
12684,b87680fcd7591ef94bcb007279bb21b3,0,1,1,1,1,1,0,0,0,0,0,0,0,0,1,1,0,0,0,0,0,0,0
12697,b8c3c2fbd0d6a79bb89323ac179d4b5d,0,1,1,1,1,0,1,0,1,0,1,0,0,0,0,1,0,0,0,0,0,0,0
12707,b8cdde221aae75d37c0996c030e05521,0,0,0,0,0,1,0,1,0,0,0,0,0,0,0,0,0,0,0,0,0,0,0
12743,b8e336d9a73a809c602c7021bf14e4df,0,1,1,0,1,0,1,1,0,0,0,0,0,0,0,0,0,0,0,0,0,0,0
12749,b8e494af62901281ea32197a58a5fdc7,0,0,0,0,0,0,0,1,0,0,0,0,0,0,0,0,0,0,0,0,0,0,0
12759,b8e961a8d50bec813d12423741e2e188,1,0,0,1,0,0,0,0,1,0,1,0,0,0,0,0,0,0,0,0,0,0,0
12763,b994cb4bd37003a83b9947b793f80398,0,1,1,0,1,0,1,1,0,0,0,1,0,0,0,0,0,0,0,0,0,0,0
12798,ba5d99c38c15a90679cfcd708a01aba2,0,1,1,0,0,0,1,0,0,0,0,1,0,0,0,0,0,0,0,0,0,1,0
12804,bab61fbbec6c89de424e5f713401b195,0,1,1,1,1,0,1,0,1,0,0,0,1,0,1,0,0,0,0,0,0,0,0
12814,bb35dd1dfe0fcead9f5c5b0b3b9829dd,1,0,0,0,0,0,0,0,0,0,1,0,0,0,0,0,0,0,0,0,0,0,0
12818,bb65c757c9fcab43920e946789c52624,0,1,0,1,1,0,1,1,1,0,1,0,1,0,0,1,0,0,0,0,0,0,0
12834,bbd81df0ff701b061fabe28619003465,0,0,0,0,0,1,0,1,0,1,0,0,0,0,1,1,0,0,0,0,0,0,0
12843,bc43540f31f642f51570081a20177f57,0,1,1,1,1,0,1,1,1,0,1,0,0,0,0,1,0,0,0,0,0,0,0
12859,bc4721bb59f661841b95939cdb890eea,0,1,1,0,1,0,1,1,0,0,0,0,0,0,0,0,1,0,0,0,0,0,0
12866,bc5f1054ed01c7909dffd0edd3702a23,0,1,0,0,1,0,1,1,0,0,0,0,0,0,0,0,1,0,0,0,0,0,0
12880,bd8a568ac09eb8eb6507b92686bee52b,0,1,1,1,1,0,1,1,0,0,0,1,0,0,0,0,0,0,0,0,0,0,0
12890,bdec393e520e188e2fafa7c829c94000,0,1,1,0,1,1,1,1,1,0,1,0,0,0,0,0,0,0,0,0,0,0,0
12907,be111d2d44627a1806a1bb7290002298,0,1,1,0,1,0,1,0,0,0,0,1,0,0,0,0,0,0,0,0,0,0,0
12912,be4d8d331b7217e284c9736c58508e9a,1,0,0,0,0,0,0,1,0,0,0,0,0,0,0,0,0,0,0,0,0,0,0
12914,bea1a489fbc7415ecef9c4869a0a9c9b,1,1,1,0,1,0,1,1,1,1,1,1,0,0,0,0,0,0,0,0,0,0,0
12924,beba829454e49d5a2d89e42bc67f01c0,0,1,1,0,1,0,1,0,0,0,0,0,1,0,0,0,0,0,0,0,0,0,0
12930,bf09c5c7ec55abb5bb327817f0f115f5,0,1,1,0,1,1,1,0,0,0,0,0,0,0,1,0,0,0,0,0,0,0,0
12937,bf4db157734a34d96769fc23dc02afc7,0,1,1,1,1,0,1,0,0,0,0,0,1,0,0,0,0,0,0,0,0,0,0
12943,bf6f5c66e2438576cc4852345313fe55,0,1,0,0,1,0,1,1,0,0,0,0,0,0,0,0,0,0,0,0,0,0,0
12993,bfd5e9916d95a82d254be83c37ca9640,1,1,1,0,1,0,1,1,1,0,1,0,1,0,1,1,1,0,0,0,0,0,0
13011,bfd941328b8f1e73dab04a65fcbe2f95,0,1,1,1,1,0,1,1,1,0,1,1,0,0,0,1,1,1,0,0,0,0,0
13035,bff86ac907af955849b8a4c89734fe2e,1,0,0,0,0,0,0,1,1,0,1,0,0,0,0,1,0,1,0,0,0,0,0
13042,c003207d778544ae385fdd7decdb2793,1,1,1,0,1,0,1,0,1,0,1,0,0,0,0,1,0,0,1,0,0,0,0
13055,c0776d7c658e06a34689911c42f18794,0,1,1,1,1,0,1,1,1,0,0,1,0,0,0,1,0,0,0,0,0,0,0
13108,c07bbdfcd5f37268d77e5001da07af35,1,1,1,0,1,0,1,0,1,0,1,1,0,0,0,0,0,1,0,0,0,0,0
13117,c0909154a39c165b5929af72634e9a31,0,0,1,0,0,0,0,0,0,0,0,0,0,0,0,0,0,0,0,0,0,0,0
13118,c0b335a96362a29ff68937c13af2dce9,1,0,0,1,0,0,0,0,1,0,1,0,0,0,0,1,0,0,0,0,0,0,0
13129,c0b5d24cf149f2eca81332ead49a4108,1,1,1,1,1,1,1,1,1,0,1,0,0,0,0,1,0,0,0,0,0,0,0
13146,c0bb6a629e7187bf8648daf662b74524,1,1,1,0,1,0,1,1,1,0,1,0,0,0,0,1,1,0,0,0,0,0,0
13163,c0ce0b06f849d0a75dc3f2e69c87b0b6,1,1,1,1,1,0,1,1,1,0,1,1,0,0,1,1,0,1,1,0,0,0,0
13215,c1124288d115756e5e0215f7e5c9224c,1,1,1,1,1,0,1,1,1,0,1,0,0,0,0,1,0,0,0,0,0,0,0
13237,c17cb046db13d5e22aee9d5c1eaeb1ca,0,1,1,1,1,0,1,1,1,0,0,0,0,0,0,1,0,0,0,0,0,0,0
13251,c19ce293fc13c2bac4a88e330d452208,1,1,1,1,1,0,1,0,1,0,1,0,0,0,0,0,1,0,0,0,0,0,0
13263,c1a2ab14f6f771ed1f19c1f7afb65dfa,1,1,1,1,1,0,1,0,1,1,1,0,0,0,0,1,0,0,1,0,0,0,0
13279,c1e396da9a9a693deec0094807def3e8,1,1,1,0,1,0,1,0,0,1,1,1,0,0,0,1,0,0,0,0,0,0,0
13290,c26cfd644e50b42f674723b394e49cf6,0,1,1,1,1,0,1,1,1,0,1,0,0,0,1,1,0,0,0,0,0,0,0
13313,c28b9b478e9c2a0daf8b211c348411c4,0,0,0,0,1,0,0,0,0,0,0,1,0,0,0,0,0,0,0,0,0,0,0
13315,c32648d695ecdd1eb60864bd859b98cf,0,1,1,1,1,0,1,1,0,0,0,0,0,0,1,1,0,0,0,0,0,0,0
13325,c3908c0f0394e5425840574307a19d19,0,1,1,0,1,0,1,0,0,0,0,0,0,0,0,1,0,0,0,0,0,0,0
13330,c3b0c4059b672a1d443a996e0742cd2e,0,1,1,1,1,0,1,1,1,0,0,0,0,0,0,0,0,0,0,0,0,0,0
13342,c3b39b9ca838b10e13e86ddd5c91af7c,0,1,1,1,1,0,1,1,1,0,0,0,0,0,0,0,0,0,0,0,0,0,0
13360,c3c7c58523cf4c14bbd16e61b13d6575,1,1,1,1,0,0,1,0,1,0,0,1,0,1,0,1,1,0,0,0,0,0,0
13373,c3d3505329701091e6ffc9364eca0e4d,0,1,1,1,1,1,1,1,0,0,0,1,0,0,1,1,0,1,0,0,0,0,0
13389,c3f069232f632f488adf7d12bd85d1d8,1,1,1,0,1,0,1,0,1,0,1,0,0,0,0,1,0,0,1,0,0,0,0
13402,c52560f4891e575d1dd217499a905c64,0,1,0,0,1,0,1,1,0,0,0,0,1,0,0,0,0,0,0,0,0,0,0
13408,c54556dbb037662501bf2f938e6c9fd4,1,0,0,0,0,0,0,0,0,0,1,0,0,0,0,0,0,0,1,0,0,0,0
13413,c573aacfccf74edfc810630cdd7b3889,0,1,1,0,1,0,1,0,0,1,0,1,0,0,0,0,0,0,0,0,0,0,0
13419,c5b67b025370320e16d1ec4ee69c086d,0,1,1,1,1,0,1,0,1,0,1,0,0,0,1,1,0,1,0,0,0,0,0
13431,c664cc762bdcb88230b4b4f07e3b7d2e,0,0,0,0,0,0,0,0,0,0,0,0,0,0,0,0,0,0,1,0,0,0,0
13432,c67290d72ec2974aba0f3975c1773405,0,1,1,0,1,1,1,0,0,0,0,0,0,0,0,0,0,0,0,0,0,0,0
13437,c67bc949be8e2bc19bd5f1caab790d29,0,1,1,0,1,1,1,0,0,0,0,0,1,0,0,0,0,0,0,0,0,0,0
13444,c76c55600846191b08a2f66399c97121,0,1,0,1,1,0,1,1,0,0,0,0,0,0,1,0,0,0,0,0,0,0,0
13468,c770656ba1992174f3b6619114830d16,1,1,1,1,1,0,1,0,1,0,1,0,0,0,0,0,0,0,0,0,0,0,0
13476,c7e2473c176ca8f144757691b7023c3f,0,1,1,1,1,0,1,0,0,1,0,0,0,0,0,0,0,0,0,0,0,0,0
13483,c86159d475d79be2703ff5c0802fe680,0,1,1,0,1,0,1,0,0,0,0,0,0,0,0,1,0,0,0,0,0,0,0
13488,c86c4c96e5377a9f5f1f48b8431346d8,1,1,1,1,1,0,1,0,1,0,1,1,0,1,1,1,0,0,0,1,0,0,0
13518,c88aebef8d6337c3ab4c04be6853976a,0,1,1,1,1,0,1,1,0,0,0,0,0,0,0,1,0,0,0,0,0,0,0
13532,c8d4d395f6b45f1ddd6ab9f29180f54a,0,0,0,1,0,1,0,1,0,0,0,0,0,0,0,0,0,1,0,0,0,0,0
13582,c94dba99288d37a1437fef7f8fd12d0d,0,0,0,0,0,0,0,0,0,0,0,0,0,0,0,0,0,1,0,0,0,0,0
13583,c952231e6ea12e2bdd6f735453422008,1,1,1,1,1,1,1,1,1,1,1,1,0,0,1,1,0,0,1,0,0,0,0
13642,c95c777785faec8dd910d019d7278ebe,0,1,0,1,1,0,0,1,0,1,0,0,0,0,0,0,0,0,0,0,0,0,0
13650,ca50c21a87b9c1f8d8fced74ea09c584,0,1,1,1,1,0,1,0,0,0,0,0,0,0,0,0,0,1,0,0,0,0,0
13657,ca79374cbefb71b9bdfdc7151c0c5ccf,1,1,1,1,1,0,1,1,1,0,1,0,0,0,1,0,0,0,1,0,0,0,0
13691,cad88df3141ed87ecea0d485a4567161,0,0,1,0,0,0,1,0,0,0,0,0,0,0,0,0,0,0,0,0,0,0,0
13693,cb02d112cccb1d9196b2774d10a5c4f0,0,1,0,0,1,0,1,1,0,0,0,1,0,0,1,0,0,0,0,0,0,0,0
13700,cb659619a5988a491e24422c1aae7dea,0,1,1,1,1,0,1,1,1,0,1,0,0,0,0,1,0,1,0,0,0,0,0
13733,cb684e33cbd1c8233bce4032afc96d55,0,1,0,0,1,0,1,1,0,0,0,0,1,0,0,0,1,0,0,0,0,0,0
13748,cbe503bf7bfcfdf8b7d1315198e06313,1,1,1,0,1,0,1,0,0,0,1,0,0,0,0,0,0,0,0,0,0,0,0
13754,cccb821a913e3c02243aa05cd8b6544c,0,1,1,0,1,0,1,1,0,0,0,0,0,0,0,0,0,0,0,0,0,0,0
13760,ccfc868a3b67037fe3e90dfd1e867d2d,0,1,1,0,1,1,1,1,0,0,0,0,0,0,0,0,0,0,0,0,0,0,0
13769,cd1438144a68cb7599bae36706b5038c,0,1,1,1,1,1,1,0,0,0,0,0,0,0,0,1,0,1,0,0,0,0,0
13779,cd4e32833318c52890435bb93291a327,0,1,1,0,1,0,1,0,0,0,0,0,0,0,0,0,0,0,0,0,0,0,0
13783,cd56cddd5f11f001d50e30060ee78876,0,1,1,0,1,0,1,1,1,0,1,0,0,0,1,0,0,1,0,0,0,0,0
13798,cdb1d88be5d59a03e80c95d2a021f728,0,1,1,0,1,0,1,0,0,1,0,0,0,0,0,0,0,0,0,0,0,0,0
13803,ce0cf47f5afc08b5d23269d6d47768af,0,1,1,0,1,0,1,1,1,0,1,0,0,0,1,1,0,1,0,0,0,0,0
13817,ce1f9af4fb19ff87ef17e2ae6ff1a45a,0,1,1,1,1,1,1,1,0,1,0,0,0,0,1,1,0,0,0,0,0,0,0
13833,ce3e5edb71baee282433c98abd4e6bf3,1,1,1,1,1,0,1,0,1,0,1,0,0,0,0,1,0,0,1,0,0,0,0
13858,ce5e12da979c5968f141f3aa9df94575,0,1,0,0,0,0,0,0,0,0,0,1,1,0,0,0,0,1,0,0,0,0,0
13862,ce82dfc4b9e92370b636bd75cb0eb3ea,0,0,0,0,0,0,0,0,0,0,0,0,0,1,0,0,1,0,0,0,0,0,0
13865,ce84e058130e085513f0455bc725865e,0,1,1,0,1,0,1,1,0,0,0,0,0,0,0,1,0,0,0,0,0,0,0
14076,cef3c13a885053350dd68b3ce64eddc7,1,1,1,0,1,0,1,0,1,0,1,0,0,0,0,1,0,0,1,0,0,0,0
14090,cf35fa431a2d895944116bcb3d9de7f7,0,1,0,1,1,0,1,1,0,0,0,0,1,0,0,0,0,0,0,0,0,0,0
14097,cfce0a2c5f3280e3249fdb2370a15200,0,1,1,1,1,0,1,1,1,1,1,1,0,0,1,1,0,0,0,1,0,0,0
14133,d04c4b4b8575810181130be5d134470a,0,0,0,0,0,1,0,0,0,0,0,0,0,0,0,0,0,0,0,0,0,0,0
14134,d09eae748c05c8e0fd699e34ac658304,0,1,1,0,1,0,1,0,0,0,0,1,0,0,1,0,0,0,0,0,0,0,0
14140,d0e7ee85a173c919c6fe5b3f50dea062,0,0,0,0,0,0,0,0,0,1,0,0,0,0,1,0,0,0,0,0,0,0,0
14142,d112222b18819efd56f5861a1f602ed2,0,1,0,1,1,1,1,1,1,0,1,0,0,0,1,1,0,0,0,0,0,0,0
14158,d121af0252ddffd37c9cffe7ea9136e0,0,1,1,0,0,0,1,0,0,1,0,0,0,1,0,0,0,0,0,0,0,0,0
14163,d13cf0b65d1701596269c4000bf647b8,1,0,0,0,0,1,0,0,1,0,1,0,0,0,0,0,0,0,1,0,0,0,0
14168,d15bc6f8cb2eb545b92e49d1bcee7ed6,0,1,1,0,1,0,1,1,0,0,0,0,0,0,0,0,0,0,0,0,0,0,0
14177,d15ca7ac92f14bab3c9c8423fd406660,0,0,0,0,0,0,0,0,0,0,0,0,0,0,0,0,0,1,0,0,0,0,0
14178,d197ed66d9d7d56a95492fd6df0814c9,0,1,1,1,1,1,1,1,0,0,0,0,0,0,0,0,0,0,0,0,0,0,0
14189,d1c8539f74631b57d93775e8c9fe1676,0,1,0,1,1,0,1,1,1,0,1,0,1,0,0,0,0,0,0,0,0,0,0
14202,d1e49bffcac66079c0ffa353ef660c87,0,1,0,0,1,0,1,1,0,0,0,1,1,0,0,0,0,0,0,0,0,0,0
14219,d237ae5d89292fa9aaf6c0ac59d4ec58,0,1,1,1,1,1,1,1,1,1,0,0,0,0,1,1,0,0,0,0,0,0,0
14259,d263f69b765106b7790f098edb49f17b,1,1,1,1,0,1,0,0,1,0,1,0,0,0,1,1,0,1,0,0,0,0,0
14278,d28d816d37fb818aae84057acb73920f,0,0,0,0,1,0,0,0,0,0,0,0,0,0,0,0,0,0,0,0,0,0,0
14279,d29f9eabe3c60abf6285269dc49363cf,0,1,1,1,1,0,1,0,1,1,1,0,0,0,1,1,0,1,0,0,0,0,0
14303,d2c8e9fd8addde95536d13f61cbfb1cc,0,1,1,0,1,0,1,0,0,0,0,0,0,0,1,0,0,0,0,0,0,0,0
14308,d334b13bae115c3bad366d594fe3141d,0,1,1,0,1,0,1,0,0,0,0,0,0,0,0,0,0,0,0,0,0,0,0
14312,d33d34f46cf73763cd4af49ec35c8823,0,1,1,0,1,1,1,0,0,0,0,0,0,0,0,0,0,0,0,0,0,0,0
14317,d3d51e2fd28f62d02e93f3aae6179246,0,0,0,1,0,1,0,1,0,0,0,0,0,0,1,1,0,1,0,0,0,0,0
14330,d3d5ca7fb24dc0f4f3f2a04d31e684a3,0,1,1,0,1,0,1,0,0,0,0,0,0,0,0,0,0,0,0,0,0,0,0
14334,d3f7cb54e2f003e58da91be561668fff,0,1,1,0,1,1,1,1,0,0,0,0,0,0,1,1,0,0,0,0,0,0,0
14345,d419671f5cba080699ef4d89f0f2ad3f,0,1,0,0,1,0,1,1,0,0,0,0,0,0,1,0,0,0,0,1,0,0,0
14354,d450657f51b43efb8388edeb957effc2,1,1,1,1,1,0,1,1,0,0,1,0,0,0,0,1,0,0,0,0,0,0,0
14367,d45e2d7aff34467ca7abdf1331a5ad6e,0,1,1,1,1,1,1,1,0,0,0,0,0,0,0,1,0,0,0,0,0,0,0
14379,d4bdb90298b91a903a3a698b6360093e,0,1,0,0,1,0,1,1,0,0,0,0,0,0,0,0,1,0,0,0,0,0,0
14387,d545e0069a53fcc868e01726663cd449,1,1,1,0,1,0,1,1,1,0,0,0,0,0,1,1,1,0,0,0,0,0,0
14397,d5db42956fe1b7085365599f3937e0f8,0,0,0,0,0,1,0,1,0,0,0,0,0,0,0,1,0,0,0,0,0,0,0
14454,d6cdbb60e1b5db650a7202e55844ae14,1,0,0,1,0,0,0,1,1,0,1,0,0,0,1,1,0,0,0,0,0,0,0
14501,d71492286214a66398901a7ad5ac2db4,0,1,1,1,1,1,1,1,0,0,0,0,0,0,0,1,0,1,0,0,0,0,0
14520,d719aa7ad95c2a2443c319e9ab4f99e3,0,1,1,0,1,0,1,0,0,0,0,0,0,0,1,0,1,0,0,1,0,0,0
14530,d71fbdc7a3f3076709b6529a3cb78d03,1,1,1,1,1,0,1,1,1,0,1,0,0,0,0,1,0,0,0,0,0,0,0
14545,d75348c0146c91293112cdda226af9e3,0,1,1,1,1,0,1,1,0,0,0,0,0,0,0,0,1,0,0,0,0,0,0
14553,d7c4af4c0b35871fba7967ab56458584,1,1,1,1,1,0,1,0,0,0,1,0,0,0,1,1,0,0,1,0,0,0,0
14563,d7dc83b1c90f8c2432b09405039cc556,0,1,1,0,1,0,1,1,0,0,0,1,0,0,0,0,0,0,0,0,0,0,0
14571,d7e3e10cd20069ef853b759ae4910814,1,1,1,0,1,0,1,0,1,0,1,0,0,0,0,0,0,0,1,0,0,0,0
14583,d7f841d27002185c8d2a00cfebd57088,0,1,0,1,1,0,1,1,0,0,0,1,0,0,0,1,1,0,0,0,0,0,0
14592,d8a1cb4990bc3a63c5657bd9ae0334a8,1,1,1,1,1,0,1,0,1,0,1,0,0,0,1,1,1,0,0,0,0,0,0
14625,d97569a26b47b089e4ab0bce7012a12e,0,1,1,0,1,1,1,1,0,0,0,1,0,0,1,0,0,0,0,0,0,0,0
14640,d9aa520e805cb82fb8606d6e2f15278c,0,1,1,0,1,0,0,0,0,0,0,0,0,0,0,0,0,0,0,0,0,0,0
14643,da053be99059b9afaf180a5c07b1f3cb,0,0,0,0,0,0,0,0,1,0,0,1,0,0,0,0,0,0,0,0,0,0,0
14645,da115da0c38761649740d23199499d0f,0,0,0,0,0,0,0,1,0,0,0,0,0,0,0,0,0,0,0,0,0,0,0
14646,da11b3720191b555d0c65e08a88334b1,1,1,1,1,1,0,1,0,1,0,1,1,0,0,0,0,0,0,1,0,0,0,0
14670,da5756ccf5b65b77a6fdf6bca5587f96,0,1,1,0,1,0,0,0,0,0,0,0,1,0,0,0,1,0,0,0,0,0,0
14678,da823e0efb16f00e73e2cbf1d8951649,0,1,0,0,1,0,1,1,0,0,0,1,0,0,0,0,0,0,0,0,0,0,0
14683,db61a6c9d22f4fdab79d439095d667c5,1,1,1,1,1,0,1,0,1,0,1,0,0,0,0,1,0,0,1,0,0,0,0
14699,dbf599a75730944e28e99fa9293773af,0,0,0,0,0,0,0,0,0,0,0,0,0,0,0,1,0,0,0,0,0,0,0
14700,dc43c4c220c39edd707bd320a635c1cc,0,1,1,0,1,0,1,1,0,0,0,1,0,0,0,0,0,0,0,0,0,0,0
14710,dc6b9f0b51315d5c1d16df9dbe1b5195,0,1,1,0,1,0,1,0,0,0,0,1,0,0,0,0,0,0,0,0,0,0,0
14719,dcdf7b85f0df1d5a07098c8f3b623837,1,1,1,1,1,0,1,1,0,0,1,0,0,0,0,1,0,0,0,0,0,0,0
14728,dce56a898f7c104b27cd482b8f95da46,0,1,0,1,1,0,1,1,0,0,0,0,1,0,1,1,0,0,0,0,0,0,0
14751,dce57d89ddc943bb268e3a2bcd8b91c0,0,1,1,1,1,0,1,1,0,0,0,0,0,0,1,0,0,0,0,0,0,0,0
14765,dd05a78146115c9fedb48b48aa75e12f,0,1,1,0,1,1,1,1,1,0,0,0,0,0,0,1,1,0,0,0,0,0,0
14829,dd3c7c5c898a4e6a4ed78d6e2c526bed,0,0,0,1,0,0,0,1,1,0,1,0,0,0,1,1,0,0,0,1,0,0,0
15086,dd5fcfdf197c16b84046ea84c8687f7e,1,1,1,1,1,0,1,0,1,0,1,0,0,0,0,1,0,1,0,0,0,0,0
15109,dd67e2a1ebc249ec66f7db46e29bba02,0,0,0,1,0,1,0,1,0,0,0,0,0,0,1,0,0,0,0,0,0,0,0
15118,ddd4ccb36c4367289157d8870948b693,0,1,1,0,1,0,1,0,0,0,0,0,0,0,0,0,0,0,0,0,0,0,0
15123,dde22c502d2ad606c63a9ab56586cb9a,0,0,0,0,1,0,0,0,1,1,1,0,0,1,0,1,1,1,0,0,0,0,0
15150,ddfd6a4298e15df738efd4daa76403e4,1,0,0,1,0,0,0,1,1,0,1,0,0,0,0,1,0,0,0,0,0,0,0
15198,de101601d4865f8da7da29376703941d,0,1,0,0,1,0,1,1,0,0,0,0,1,0,0,0,0,1,0,0,0,0,0
15206,ded623087a5397c3b253bc9be270517b,0,0,0,1,0,1,0,1,0,0,0,0,0,0,1,0,0,1,0,1,0,0,0
15214,deda6cf730683fc85007ec28dc4fed7a,1,1,1,1,1,0,1,0,1,0,1,0,0,0,0,1,0,0,1,0,0,0,0
15227,dedc34e3710c317acd909fc4dcbe291c,1,1,1,1,0,0,1,0,1,1,1,0,0,0,0,0,0,1,1,0,0,0,0
15241,df797af774fbb5af2996ef32657b643a,1,1,1,0,0,0,1,0,0,1,0,0,0,1,0,1,0,0,0,0,0,0,0
15249,dfb5830b3673e11fcb8a83cad2cb8a5b,0,1,1,0,1,0,1,1,0,0,0,1,1,0,0,0,0,0,0,0,0,0,0
15258,dfbc6fa4f770c96c831e603b2ace0a97,0,1,1,1,1,0,1,1,1,0,1,0,1,0,1,1,0,0,0,0,0,0,0
15274,dfdd0c050e79fc5ad02384f4e1b8411c,1,1,1,0,1,0,1,0,1,0,1,0,0,0,0,0,0,0,1,0,0,0,0
15282,dff8b3ed17e463587d98dec905eb0b0e,1,1,1,0,1,0,1,1,1,0,1,0,1,0,0,1,0,0,0,0,0,0,0
15320,dfff4d710576db6b7a1382116f9668ca,0,1,1,0,1,1,1,0,0,0,0,1,0,0,0,0,0,0,0,0,0,0,0
15326,e09b1b53416079c42a053ab9f70650c3,0,0,0,0,1,0,0,0,0,1,1,0,0,0,0,0,0,1,0,0,0,0,0
15332,e0fc5aefc0a6a1f7d0bc8a9265b77d3d,0,0,0,0,0,0,0,1,0,0,0,0,0,0,0,0,0,0,0,0,0,0,0
15334,e18067187b24f5925c57486e23ff5abf,1,0,0,0,0,0,0,0,0,0,1,0,0,0,0,1,0,1,1,0,0,0,0
15339,e18974ecd1d0cd567da9caed5d3de411,0,1,1,1,1,0,1,1,0,0,0,0,0,0,0,0,0,1,0,0,0,0,0
15347,e19d6ae4dddbfe66a116e23703181ccd,1,1,1,0,1,0,0,0,1,0,1,1,0,0,0,0,0,0,0,0,0,0,0
15357,e1a8da767850912d5f68ed469f6260ac,0,1,1,1,1,0,1,0,1,0,1,0,0,0,0,1,0,0,0,0,0,0,0
15377,e22ee785681a0879b7b16379ab3ae7cc,0,1,1,0,1,0,1,0,0,0,0,0,0,0,0,0,0,0,0,0,0,0,0
15381,e247ee7197ad00949fcc68c05ab97129,1,1,1,1,1,0,1,0,1,0,1,1,0,0,0,1,0,1,0,0,0,0,0
15398,e2961f1f9624b0c47b5579a12b8dc3c4,0,0,0,0,0,0,0,0,0,0,0,0,0,0,1,0,0,0,0,0,0,0,0
15399,e29fddc5ec21d3c8d5caec352f5c82c2,0,0,0,0,0,1,0,0,0,0,0,0,0,0,0,0,0,0,0,0,0,0,0
15400,e2ac6ce18844de8f64ea99cf081e580d,0,0,0,1,0,0,0,0,1,0,1,0,0,0,1,1,0,0,0,0,0,0,0
15411,e2f97b40c7f719169c99a0b5bdc04773,0,1,0,0,1,0,1,1,0,0,0,0,1,0,0,0,0,0,0,0,0,0,0
15417,e3fa10f09ed7f3dde7572ac6ea12ee10,0,1,1,0,1,0,1,1,0,0,0,1,0,0,0,0,0,0,0,0,0,0,0
15425,e4129c79c4a3c44ad671ba2e6d368122,0,1,1,0,1,1,1,1,0,0,0,0,0,0,0,0,0,0,0,0,0,0,0
15435,e4901fbf8da395e8303ffea56273430d,0,1,1,1,1,0,1,1,0,0,0,0,0,0,0,0,0,0,0,0,0,0,0
15461,e4aefa244db9aff2430de7d0790a55ac,0,0,0,0,0,0,0,0,1,0,1,0,0,0,0,0,0,1,0,0,0,0,0
15465,e4d57f979e61c8e96675905da8cb2994,1,1,1,1,1,1,1,1,1,1,1,0,0,0,1,1,0,0,0,0,0,0,0
15586,e4d75e834cb12ce84d383ef6cae8e583,0,1,1,0,1,1,0,0,0,0,0,0,0,0,0,1,0,0,0,0,0,0,0
15591,e57284be86c596213f3e699763832ee5,1,1,1,1,1,0,1,0,1,0,1,0,0,0,1,0,0,0,0,0,0,0,0
15606,e5d91833609309d75bf3d081cb8e4503,0,1,1,1,1,1,1,1,0,0,0,0,0,0,0,0,0,0,0,0,0,0,0
15626,e623dcaac8927d8844d5894a1b256642,0,1,1,1,1,0,1,0,1,1,0,1,0,0,0,0,0,0,0,0,0,0,0
15635,e682a48749055cbe81223c0552f411f1,0,0,0,0,1,0,0,0,0,0,0,0,0,0,0,0,0,0,0,0,0,0,0
15636,e6b6abfa21a951b91bf7049587a52735,0,1,1,0,1,0,1,0,0,0,0,0,0,0,0,1,0,0,0,0,0,0,0
15641,e6bcdef931529d47599ea0a0e848b644,0,0,0,0,1,0,0,0,0,0,1,0,0,0,0,0,0,0,0,0,0,0,0
15646,e6d239e26b1205f98c76219c3beba9a8,1,1,1,0,1,0,1,1,1,0,1,1,0,0,0,0,0,1,1,0,0,0,0
15667,e6ec4ecc0ff528c5e56ac9fc75e4bfea,0,1,1,1,1,0,1,1,1,0,0,0,0,0,1,1,0,0,0,0,0,0,0
15685,e70654075208a58e8b25b04d054da26d,0,0,0,1,0,1,0,1,0,0,0,0,0,0,0,0,0,1,0,0,0,0,0
15704,e7092b06ed5cd432a07f268ab1056cb9,1,0,0,0,0,1,0,0,1,0,1,0,0,0,0,1,0,0,0,0,0,0,0
15709,e779f690141394bd9b150e344064b2d6,0,1,1,1,1,0,1,0,0,0,0,1,0,0,0,0,0,0,0,0,0,0,0
15716,e7e594a3146ab202df0e04e613d00178,0,1,1,0,1,0,1,1,0,0,0,1,0,0,0,0,0,0,0,0,0,0,0
15763,e88c05b5e324e181597ca198308b2b4c,0,1,1,0,1,0,1,0,0,0,0,0,1,0,0,0,0,0,0,0,0,0,0
15770,e8e7da7d75cf791dde2c27889831b0f0,0,0,0,0,1,0,0,0,0,1,0,0,0,0,0,0,1,1,0,0,0,0,0
15774,e940d5d2d730e931907628695dd9b5fe,0,1,1,1,1,0,1,0,0,0,0,1,0,0,0,0,0,0,0,0,0,0,0
15780,e9d3ed667548f488fdd36a189a8b54a5,0,1,1,0,1,1,1,0,0,0,0,0,0,0,0,0,0,0,0,0,0,0,0
15785,ea6358a9d02621e67b997b4a306e3f68,0,1,1,1,1,1,1,1,0,0,0,0,0,0,0,1,0,1,0,0,0,0,0
15803,ea75a6e2e19182f111a89f0e1568fe27,0,0,0,0,0,0,0,1,0,0,0,0,0,0,0,1,0,0,0,0,0,0,0
15813,eab3521d51ee5571008e31328fe17699,0,1,1,0,1,0,1,1,0,0,0,0,0,0,0,0,0,0,0,0,0,0,0
15818,eac2cbf5205a486bd46ccb7f3e41b789,1,1,1,1,1,0,1,1,1,1,1,0,0,0,0,0,0,0,0,0,0,0,0
15846,eafdc0c4ded7fec64922cd93be0851da,0,1,1,0,1,0,1,1,0,0,0,0,0,0,0,0,0,1,0,0,0,0,0
15854,eb181759ec537fc6476ea3b7420e1758,0,0,0,0,1,0,0,0,0,0,0,0,0,0,0,0,0,0,0,0,0,0,0
15855,eb1a06a9837932339a7129d196eb662c,0,1,1,0,1,0,1,0,0,0,0,0,0,0,0,0,0,0,0,0,0,0,0
15859,eba4e8c1c66ee2e1b54ae61f0ae16190,1,1,1,1,1,0,1,1,1,0,1,0,0,0,1,1,0,0,0,0,0,0,0
15879,ebe31bf9734f0808775f0410bd6a0525,0,1,1,0,1,0,1,1,0,0,0,0,0,0,0,0,0,1,0,0,0,0,0
15885,ec512c074c16765a6573ec18bb86f191,0,1,1,1,1,0,1,0,0,0,0,0,0,0,0,1,0,0,0,0,0,0,0
15892,ec5b99c1c38b4e2ca2fb95547424cf75,0,1,1,0,1,0,1,1,0,0,0,0,1,0,0,0,0,0,0,0,0,0,0
15902,eca79eae8403062a114666a916a91dcb,0,1,1,0,1,0,1,0,0,1,0,0,0,0,1,1,0,0,0,1,0,0,0
15912,eca8af1b62d781deaf95e6180e7b3369,0,1,1,0,1,1,1,1,0,0,0,0,0,0,0,0,0,0,0,0,0,0,0
15921,ecaa0d3209681e7b14e19e35072892d4,0,1,1,0,1,0,1,0,0,0,0,0,0,0,1,1,0,0,0,0,0,0,0
15927,ed1ce2f1276a0eb2c8311b498d384dc8,1,1,1,0,1,1,1,0,0,0,0,1,0,0,0,0,0,0,0,0,0,0,0
15934,ed27b9a5970b6f7ff8a20b8c3b5adbe4,0,0,0,0,1,0,0,0,0,0,0,0,0,0,0,0,0,0,0,0,0,0,0
15935,ed5cba0a6896b61d6df9c4518ea0bd82,1,1,1,0,1,0,1,0,1,1,1,0,0,0,0,1,0,0,0,0,0,0,0
15949,ed62d07a1d05e36ddcc53899da664782,1,1,1,1,1,0,1,0,1,0,1,0,0,0,0,0,0,0,0,0,0,0,0
15967,ed9415f4732f014b921f23399bec442b,0,0,0,0,0,0,0,1,1,0,1,0,0,0,0,1,0,0,0,0,0,0,0
15984,ede15df197c35705be929b5e9d787611,0,0,0,0,1,0,0,0,0,0,0,0,0,0,0,1,0,0,0,0,0,0,0
15986,ee300f318d8b99856c5cf4590f9bfb3c,0,0,0,0,0,0,0,1,0,0,0,0,0,0,0,0,0,1,0,0,0,0,0
15989,ef0af6093e7b75dcffa56a73c842748c,0,1,1,0,1,0,1,0,1,0,1,1,0,0,0,1,0,0,0,0,0,0,0
15998,efdcd1c8c445b3f02792e2c14313e9b7,0,1,1,1,1,0,1,1,0,0,0,0,0,0,0,0,0,0,0,0,0,0,0
16005,f007782630c25e5e80bd819b0c0936c0,0,1,1,1,1,1,0,1,0,0,0,0,0,0,0,0,0,0,0,0,0,0,0
16021,f012d3740480146453dffe19bdcdb232,0,1,1,0,1,0,1,0,0,0,0,0,0,0,0,0,0,0,0,0,0,0,0
16025,f03ba132c763930a09d29df3c23f8bea,1,1,1,1,1,0,1,0,0,0,1,0,0,0,1,1,0,0,1,0,0,0,0
16043,f08d8baefe945b20dde00d622fae9f16,0,0,0,0,0,0,0,0,0,0,0,0,0,0,0,1,0,0,0,0,0,0,0
16044,f09a191538eceffbb6a1838b14022b63,1,1,1,0,1,0,1,1,0,0,1,1,0,0,0,1,0,0,0,0,0,0,0
16057,f0c6de14256cf637767a857313b546ff,0,1,1,1,1,0,1,0,0,0,0,0,0,0,1,1,0,0,0,0,0,0,0
16064,f127c98dfdfc8f762e81c623256dbc66,1,1,1,1,1,0,1,1,0,0,0,0,0,0,0,1,0,0,0,0,0,0,0
16077,f17ed38982e8f41c76c20ac5f1dd31b5,0,1,1,0,0,0,1,0,0,1,0,0,0,0,1,0,0,0,0,0,0,0,0
16082,f18c5b5b66f43b6b1294f66ab2c1e98d,1,1,1,0,1,0,1,0,0,0,1,0,0,0,0,0,0,0,1,0,0,0,0
16092,f1f060bb94a3b0fd381270d3898eae2e,1,1,0,1,1,0,1,0,1,0,1,0,1,0,0,1,0,1,0,0,0,0,0
16108,f246efdd2b788300130fbde508cce236,0,1,0,0,1,0,1,1,1,0,0,0,0,0,0,1,1,0,1,0,0,0,0
16125,f24dd26af8643f2a491a01f7e25051da,0,1,1,1,1,0,1,1,0,0,0,0,0,0,0,1,0,0,0,0,0,0,0
16138,f2621ebfd7a0da668575b259ee04ee12,0,1,0,0,1,0,1,1,0,0,0,0,0,0,0,0,0,0,0,0,0,0,0
16142,f2adf57b54d705a5a2fb37ab4217e545,0,1,0,1,1,0,1,1,1,0,1,0,0,0,0,0,0,1,0,0,0,0,0
16159,f2debb6860a30a7c7f35eee46956a923,0,1,1,0,1,1,1,0,0,0,0,0,0,0,0,0,0,0,0,0,0,0,0
16164,f337f34bdde3f8424718867f882d88b9,0,1,1,0,1,0,1,1,0,0,0,1,0,0,0,0,0,0,0,0,0,0,0
16170,f341a5d55ed7086f92b7d590c56ffa0e,0,1,1,0,1,1,1,1,0,0,0,0,0,0,0,1,0,0,0,0,0,0,0
16182,f344be2d9a042b7444f3cc5279e38ef1,0,0,0,1,0,1,0,1,0,0,0,0,0,0,1,0,0,0,0,0,0,0,0
16190,f34d7d4af375d1f9ad70c397704002cf,1,1,1,1,1,0,1,1,1,0,0,0,1,0,1,1,0,0,0,0,0,0,0
16211,f3f26d4877df6f466294f60a8312bb95,0,1,1,0,1,0,1,1,0,0,0,0,0,0,0,0,1,0,0,0,0,0,0
16223,f40765f0ec0f11bbfdf99a564ce9f86d,1,1,1,1,1,0,1,1,1,1,1,1,0,0,1,1,0,1,0,0,0,0,0
16258,f43c632c90fdf745918055860070afb1,0,1,1,0,1,0,1,0,0,0,0,1,0,0,0,0,0,0,0,0,0,0,0
16263,f4429b5f7801f85f2f202f778bbb3a82,0,1,0,0,1,0,1,1,1,1,1,1,0,0,1,0,0,0,0,0,0,0,0
16275,f444a67287af594b73d7edd07d6a97e2,1,1,1,0,1,0,1,0,0,0,0,0,0,0,0,1,0,0,0,0,1,0,0
16282,f4e80167b52b270fe2f9ecd2efdcf12d,0,1,1,1,1,0,1,1,1,0,1,0,0,0,0,0,0,0,0,0,0,0,0
16301,f510005f651751e9dd7fcf15fab240c3,1,0,0,0,0,1,0,0,1,0,1,0,0,0,0,0,0,1,0,0,0,0,0
16465,f51c5064de884e6c54cd3fdf2fcfff02,0,1,1,0,1,1,1,0,0,1,0,0,0,0,0,0,0,0,0,0,0,0,0
16471,f556585671fd24b334c438c41d2ce790,0,1,1,0,1,0,1,1,0,0,0,0,0,0,0,1,0,0,0,0,0,0,0
16481,f57d02da24a18cd17a00aeddb46fa852,1,1,1,0,1,0,1,1,1,0,1,0,0,0,0,1,0,1,0,0,0,0,0
16497,f5988bc8ddb1a5733677d81109fe453b,0,0,1,0,0,1,0,0,0,0,0,0,0,0,0,1,0,0,0,0,0,0,0
16501,f5d978b869b677735ae8ea2c93cc6d71,0,1,1,1,1,1,1,0,0,0,0,0,0,0,0,0,0,0,0,0,0,0,0
16508,f662f8ab01bb3b27860d8a0a74a0546c,0,0,0,0,0,1,0,0,0,0,0,0,0,0,0,0,0,0,0,0,0,0,0
16509,f7197e718a77ecf3b5ab24d16ed58f1a,0,0,0,0,0,0,0,0,0,0,0,1,0,0,0,0,0,0,0,0,0,0,0
16510,f71d97f27525dd75106f9c593e31abf4,0,1,1,0,1,1,1,1,0,0,0,1,0,0,0,0,0,0,0,0,0,0,0
16519,f7969f6c5da30b31f73be28b6459d221,0,0,0,0,0,1,0,0,0,0,0,0,0,0,0,0,0,0,0,0,0,0,0
16522,f7dd33accb5bbe3c5b686ad49def2d81,0,1,1,1,1,0,1,1,0,0,0,1,0,0,0,0,0,0,0,0,0,0,0
16530,f7e3281d66511a50f45aa0796c4375c4,0,1,1,0,1,0,1,0,0,0,0,0,0,0,1,1,1,0,0,0,0,0,0
16539,f7f625cd7d5fd08b0167030efe6eb239,0,1,1,0,1,0,1,1,0,0,0,0,0,0,0,0,0,0,0,0,0,0,0
16548,f860cc9b8dd778c27b0af0606c20e70f,1,1,1,0,1,0,1,0,1,0,1,0,0,0,0,1,0,0,0,0,0,0,0
16560,f8934a7f963c7cbb2858e5b575d6a7bd,0,0,0,0,0,1,0,0,0,0,0,0,0,0,0,0,0,0,0,0,0,0,0
16561,f924b760aad04b4cd79d53e1b180be60,0,0,0,0,0,0,0,0,0,0,0,0,0,0,0,0,0,1,0,0,0,0,0
16562,f94fda42ba20f0510307fe532de1c8a6,0,1,1,0,1,1,1,1,0,0,0,0,1,0,1,1,0,0,0,0,0,0,0
16598,f952df3a2cd18e308c7c3cf2e20f6350,0,1,1,0,1,0,1,1,0,0,0,1,0,0,0,0,0,0,0,0,0,0,0
16605,f980e1afef4f1c74ef4d97981d5e1a12,0,0,0,0,0,0,0,0,0,0,0,0,0,0,0,0,0,1,0,0,0,0,0
16606,fa16e4face5df7e1fb158c2689f64b89,0,0,0,1,0,1,0,1,0,0,0,0,0,0,0,1,0,1,0,0,0,0,0
16658,fa218673a8e63669d6839eeaebaca99a,0,1,1,1,1,0,1,1,1,0,1,1,0,0,0,0,0,0,0,0,0,0,0
16667,fa60c0929575adbec4e933fa4fcbaf46,0,0,0,0,0,1,0,0,0,0,0,0,0,0,0,0,0,0,0,0,0,0,0
16668,fa8574e4b97ff04270a538ab8d41a287,1,1,1,1,1,0,1,0,1,0,1,0,0,0,1,0,1,0,1,0,0,0,0
16681,fb8dec009d03ea9b6b7d385946f68643,1,1,1,0,1,0,1,0,1,0,1,1,0,0,0,0,0,0,0,0,0,0,0
16692,fc67563a3f8aff829d82fd7214cf4e5b,0,1,1,1,1,0,1,1,0,0,0,1,0,0,0,0,0,0,0,0,0,0,0
16700,fc817111904f14d8868601ac1e1fedeb,1,1,1,1,1,0,1,0,1,0,1,0,1,0,1,1,0,1,0,0,0,0,0
16770,fc8c8752c6099c69f11d3ebd7738b3bf,1,1,1,0,1,0,1,1,0,0,0,0,0,0,0,1,0,1,0,0,0,0,0
16783,fc8cd52c073c56ad5f635f44097de339,0,1,1,1,1,1,1,1,0,0,0,0,0,0,0,0,0,0,0,0,0,0,0
16793,fc8e16ce7c98f58ba309cb7fc3cd1dec,1,1,1,1,1,0,1,0,1,0,1,0,0,0,1,0,0,0,0,0,0,0,0
16804,fc8f0eb287a3f32c61f2504621f5ae10,0,1,1,0,1,0,1,0,0,0,0,0,0,0,0,0,0,0,0,0,1,0,0
16809,fc9b74bab85fdc6cbdb5b965ca9f760f,1,1,1,1,1,0,1,0,1,0,1,0,0,0,0,1,0,0,0,0,0,0,0
16822,fd422ac5f5772dc211a97910ea880db2,0,1,1,0,1,0,1,0,0,0,0,0,0,0,0,0,0,0,0,0,0,0,0
16826,fd4a11b9abba7352308fabf80c122501,0,1,1,0,1,0,1,0,0,1,0,1,0,0,0,0,0,0,0,0,0,0,0
16837,fd5bc86aa11a1c4b1d17f1e78f50e4a5,1,1,1,0,1,0,1,0,0,0,1,0,0,0,0,0,0,1,0,0,0,0,0
16847,fdb8c0dd34b05d1f1b0eb6f1113df175,0,1,0,1,0,0,0,1,0,0,0,0,0,0,1,1,0,0,0,0,0,0,0
16864,fdb9c5f6193e1cc735a2c59e14882b0f,1,1,1,0,1,0,1,0,0,0,1,0,0,0,0,0,0,0,0,0,0,0,0
16870,fdf6855262649124354ecf8c23f31356,0,1,0,0,1,0,1,1,1,0,1,1,1,0,0,1,0,1,0,0,0,0,0
